ply,side,san,piece_moved,nag,eval_before,eval_after,dEval_mover,S_before,S_after,dS,dS_mover,mover_exposed,dE_A1,dE_A2,dE_B1,dE_B2,dE_E,dE_F1,dE_F2,dE_F3,dE_FA,dE_FD
1,w,d4,P,,0.00,0.15,0.150,0.0000,-7.9000,-7.9000,-7.9000,h2,0.3750,0.1250,0.0000,0.0000,-1.0000,-1.2576,-0.0869,-5.1282,0.7528,0.0000
2,b,Nf6,N,,0.15,0.15,-0.000,-7.9000,6.7000,14.6000,-14.6000,h7,1.5000,0.5000,0.0000,0.0000,-4.0000,-4.5368,-105.1714,-49.3698,0.0000,0.0000
3,w,Nf3,N,,0.15,0.11,-0.040,6.7000,-7.9000,-14.6000,-14.6000,d4,-1.5000,1.5000,0.5000,0.5000,-4.0000,-4.7227,-109.3305,-52.1413,0.0000,-0.0000
4,b,e6,P,,0.11,0.14,-0.030,-7.9000,3.4000,11.3000,-11.3000,a7,0.0000,0.0000,0.0000,0.0000,0.0000,-3.4865,-47.5785,-34.0993,-1.9489,-0.0000
5,w,c4,P,,0.14,0.11,-0.030,3.4000,-2.0000,-5.4000,-5.4000,a2,0.0000,0.5000,0.0000,0.0000,-1.0000,-1.2826,-37.8566,-24.9533,1.4503,-0.0000
6,b,d5,P,,0.11,0.17,-0.060,-2.0000,5.9000,7.9000,-7.9000,a7,-0.1250,0.1250,0.1250,0.1250,-1.0000,-1.3661,-0.0713,-4.5447,-0.0668,0.0000
7,w,Nc3,N,,0.17,0.08,-0.090,5.9000,-9.7000,-15.6000,-15.6000,a2,1.5000,-1.5000,-0.5000,-0.5000,4.0000,-6.5999,-195.6711,-29.0101,0.0000,0.0000
8,b,Bb4,B,,0.08,0.16,-0.080,-9.7000,53.5400,63.2400,-63.2400,a7,2.0400,2.0400,0.4250,0.4250,-11.5600,-7.1425,-278.5418,-219.6168,0.0000,0.0000
9,w,cxd5,P,,0.16,0.06,-0.100,53.5400,50.1400,-3.4000,-3.4000,c3,1.1250,-0.3750,-0.3750,-0.3750,-0.5000,5.8985,16.7656,37.8926,-6.0681,253.0967
10,b,exd5,P,,0.06,0.07,-0.010,50.1400,53.5400,3.4000,-3.4000,g7,-1.1250,-0.1250,0.1250,0.1250,-0.5000,-6.7140,-17.7453,-38.6525,1.8815,-253.0967
11,w,Bf4,B,,0.07,0.00,-0.070,53.5400,-2.9000,-56.4400,-56.4400,c3,0.0000,0.0000,0.0000,0.0000,0.0000,-5.2720,-210.2294,-194.8396,0.0000,0.0000
12,b,Ne4,N,,0.00,0.03,-0.030,-2.9000,21.7000,24.6000,-24.6000,g7,4.0000,0.0000,-0.2500,-0.2500,-6.0000,-0.1433,-42.8196,-86.1394,0.0000,-0.0000
13,w,Rc1,R,,0.03,0.00,-0.030,21.7000,63.8200,42.1200,42.1200,c3,10.9350,3.6450,0.0000,0.0000,-29.1600,22.1405,41.4266,132.7867,0.0000,0.0000
14,b,Nc6,N,,0.00,0.00,-0.000,63.8200,78.6200,14.8000,-14.8000,e4,-3.5000,-0.5000,0.5000,0.5000,4.0000,-1.8411,-214.1936,-2.5363,0.0000,-0.0000
15,w,h3,P,,0.00,-0.36,-0.360,78.6200,73.2200,-5.4000,-5.4000,a2,1.6000,1.6000,-0.6750,-0.6750,-1.0000,-5.1766,2.7734,-6.4466,1.2120,-0.0000
16,b,g5,P,?!,-0.36,0.41,-0.770,73.2200,67.8200,-5.4000,5.4000,c6,0.9750,0.7250,0.1250,0.1250,-4.4000,-6.5623,29.9067,11.0193,-0.3748,0.0000
17,w,Bh2,B,,0.41,0.25,-0.160,67.8200,52.8600,-14.9600,-14.9600,a2,-0.8500,-0.8500,0.0000,0.0000,3.4000,-6.8433,-16.5493,21.5754,0.0000,0.0000
18,b,h5,P,,0.25,0.68,-0.430,52.8600,61.6600,8.8000,-8.8000,c6,0.8500,2.8000,-0.7875,-0.7875,-1.0000,-1.4054,-20.6768,-19.4488,-1.8207,-0.0000
19,w,Nd2,N,,0.68,0.59,-0.090,61.6600,33.2600,-28.4000,-28.4000,a2,-2.2000,2.2000,0.5000,0.5000,-4.0000,10.4700,-38.6278,-45.4707,0.0000,-0.0000
20,b,Nxd4,N,??,0.59,3.51,-2.920,33.2600,48.8600,15.6000,-15.6000,c6,6.2500,0.0000,-1.7500,-1.7500,-0.5000,5.1017,84.6269,-109.1505,-0.9753,253.0967
21,w,Ndxe4,N,,3.51,3.49,-0.020,48.8600,59.8600,11.0000,11.0000,d2,-4.8000,-2.2000,0.5000,0.5000,2.0000,-5.9224,78.0234,26.0224,0.0000,2482.3552
22,b,dxe4,P,,3.49,3.20,0.290,59.8600,47.8600,-12.0000,12.0000,h5,2.0000,0.0000,-1.0000,-1.0000,-4.0000,-0.5515,-40.8872,-26.5214,-2.8763,-2482.3552
23,w,e3,P,?,3.20,1.28,-1.920,47.8600,33.1600,-14.7000,-14.7000,a2,1.1000,1.1000,-0.5500,-0.5500,0.0000,-2.4024,-9.1021,-30.3718,-0.2970,0.0000
24,b,Nc6,N,,1.28,1.36,-0.080,33.1600,17.5600,-15.6000,15.6000,h5,-3.0000,0.0000,0.7500,0.7500,0.0000,-7.3769,-113.7738,125.4263,0.0000,-0.0000
25,w,Qxd8+,Q,?!,1.36,0.47,-0.890,17.5600,56.2800,38.7200,38.7200,a2,7.4800,-2.6400,-7.4800,-7.4800,-104.7200,7.9959,-209.5664,-637.0377,0.0000,1936104.6788
26,b,Kxd8,K,,0.47,0.55,-0.080,56.2800,12.8600,-43.4200,43.4200,h8,-7.4800,-20.3550,-11.0925,-11.0925,-10.4700,-44.0008,-306.3684,-105.0853,0.0000,-1936104.6788
27,w,a3,P,,0.55,0.36,-0.190,12.8600,7.4600,-5.4000,-5.4000,a2,1.0000,-1.0000,0.0000,0.0000,0.0000,3.0151,2.3746,-0.5459,-0.7591,0.0000
28,b,Bxc3+,B,,0.36,0.31,0.050,7.4600,8.2600,0.8000,-0.8000,c6,4.9950,-2.2950,-1.8500,-1.8500,1.4000,-7.1013,0.2652,-36.7086,0.0000,2291.1331
29,w,Rxc3,R,,0.31,0.44,0.130,8.2600,-53.8200,-62.0800,-62.0800,a3,-10.7450,-3.6450,1.4300,1.4300,-5.7800,-5.2698,-21.9285,-22.7437,0.0000,17246.8842
30,b,Bd7,B,,0.44,0.62,-0.180,-53.8200,-38.8600,14.9600,-14.9600,c6,5.4400,3.7400,-0.8500,-0.8500,-11.5600,-2.4826,-37.1443,-39.8028,0.0000,0.0000
31,w,Bc4,B,,0.62,0.58,-0.040,-38.8600,-50.7600,-11.9000,-11.9000,h1,-0.8500,0.8500,0.0000,0.0000,0.0000,-0.7136,-4.4877,-0.7643,0.0000,0.0000
32,b,f6,P,,0.58,1.03,-0.450,-50.7600,-54.1600,-3.4000,3.4000,c7,-1.5750,-0.1250,-0.2500,-0.2500,5.4000,-0.2874,-1.3808,-1.0833,1.3407,0.0000
33,w,O-O,K,,1.03,0.94,-0.090,-54.1600,-21.1600,33.0000,33.0000,h1,31.9025,4.3325,-4.6325,-4.6325,-35.4100,29.2690,28.2611,25.2372,0.0000,0.0000
34,b,Kc8,K,?!,0.94,1.65,-0.710,-21.1600,-13.6600,7.5000,-7.5000,c7,-5.2500,-4.0000,0.6250,0.6250,13.5000,-0.7572,12.7059,-11.1304,0.0000,0.0000
35,w,b4,P,,1.65,1.55,-0.100,-13.6600,-15.6600,-2.0000,-2.0000,h2,-1.2250,-0.9750,0.4250,0.4250,1.0000,0.3576,1.7213,-3.1733,1.2802,0.0000
36,b,a6,P,,1.55,1.71,-0.160,-15.6600,-10.2600,5.4000,-5.4000,c7,0.2500,0.9500,0.0000,0.0000,-2.4000,-5.0995,1.4913,-3.0157,-2.0043,0.0000
37,w,Bd5,B,,1.71,1.57,-0.140,-10.2600,-15.0200,-4.7600,-4.7600,h2,-1.1050,-2.2950,0.4250,0.4250,3.4000,64.1329,38.5974,21.7214,0.0000,0.0000
38,b,Re8,R,,1.57,1.64,-0.070,-15.0200,-15.0200,0.0000,-0.0000,c6,-16.8750,2.2950,3.6450,3.6450,0.0000,28.2524,9.3262,14.3171,0.0000,0.0000
39,w,Rfc1,R,,1.64,1.26,-0.380,-15.0200,48.7000,63.7200,63.7200,b4,0.0000,4.0500,0.6750,0.6750,-13.5000,-20.6594,-4.7359,9.9734,0.0000,0.0000
40,b,Kd8,K,,1.26,1.68,-0.420,48.7000,14.2000,-34.5000,34.5000,c6,8.0000,-5.5000,-0.6250,-0.6250,0.0000,-13.8971,-23.2329,20.1750,0.0000,0.0000
41,w,Rc4,R,,1.68,1.57,-0.110,14.2000,27.1600,12.9600,12.9600,b4,5.8050,4.9950,-2.0250,-2.0250,-5.4000,-53.0945,-25.4927,-30.7677,0.0000,-0.0000
42,b,f5,P,,1.57,1.83,-0.260,27.1600,23.7600,-3.4000,3.4000,c6,-2.7250,-1.4750,0.3750,0.3750,5.4000,3.8107,6.9862,0.0432,2.7265,0.0000
43,w,Rd1,R,?!,1.83,1.08,-0.750,23.7600,-0.5400,-24.3000,-24.3000,e3,-13.3650,-1.2150,0.0000,0.0000,29.1600,0.0250,0.3871,-2.8333,0.0000,0.0000
44,b,Kc8,K,,1.08,1.64,-0.560,-0.5400,6.9600,7.5000,-7.5000,c6,-1.2500,-1.2500,0.6250,0.6250,0.0000,18.6073,21.4050,-16.4046,0.0000,0.0000
45,w,a4,P,,1.64,1.27,-0.370,6.9600,8.9600,2.0000,2.0000,e3,0.3750,0.3750,-0.3125,-0.3125,1.0000,-7.4533,-8.4515,-0.5055,1.9553,0.0000
46,b,Ne5,N,,1.27,1.23,0.040,8.9600,-21.4400,-30.4000,30.4000,c6,-2.4000,0.0000,0.6000,0.6000,0.0000,-21.8910,-18.8342,12.7258,0.0000,0.0000
47,w,Bxe5,B,,1.23,1.57,0.340,-21.4400,-35.2000,-13.7600,-13.7600,e3,4.8000,0.6800,-2.1200,-2.1200,-2.0000,-3.9660,-2.8648,-31.1427,0.0000,8030.9552
48,b,Rxe5,R,,1.57,1.42,0.150,-35.2000,35.3800,70.5800,-70.5800,d7,-2.5150,3.6450,1.1950,1.1950,-34.9400,-16.6641,-58.4859,-38.9833,0.0000,-27568.9726
49,w,Bxb7+,B,,1.42,1.48,0.060,35.3800,19.5200,-15.8600,-15.8600,e3,12.8300,0.0000,-2.4200,-2.4200,-8.3000,23.1197,76.2590,1.0050,2.7229,-253.0967
50,b,Kxb7,K,,1.48,1.30,0.180,19.5200,-8.0400,-27.5600,27.5600,a8,-5.0588,-0.7812,-1.4450,-1.4450,0.1200,-26.1966,-62.8478,22.8479,0.0000,25893.0599
51,w,Rxd7,R,,1.30,1.29,-0.010,-8.0400,-10.8000,-2.7600,-2.7600,e3,-1.4450,-1.4450,-1.4450,-1.4450,-5.7800,0.6316,0.3591,6.5842,0.0000,-25893.0599
52,b,Rc8,R,,1.29,1.44,-0.150,-10.8000,-5.4000,5.4000,-5.4000,b7,-3.6450,3.6450,-0.0000,-0.0000,0.0000,3.6593,-0.4666,32.0570,0.0000,0.0000
53,w,g4,P,,1.44,1.30,-0.140,-5.4000,-2.5000,2.9000,2.9000,c4,2.4750,-1.2250,0.0000,0.0000,-2.5000,-0.7784,-0.1707,-3.7801,0.3973,-0.0000
54,b,hxg4,P,,1.30,1.31,-0.010,-2.5000,2.9000,5.4000,-5.4000,c8,-2.5750,2.8250,-0.1250,-0.1250,-1.5000,0.7372,-0.0669,6.3906,-4.0218,253.0967
55,w,hxg4,P,,1.31,1.25,-0.060,2.9000,2.9000,0.0000,0.0000,c4,4.1750,-3.9250,-0.1250,-0.1250,-1.5000,-1.0948,0.0401,-7.7485,-1.1895,-253.0967
56,b,f4,P,,1.25,1.28,-0.030,2.9000,13.7000,10.8000,-10.8000,c8,0.0000,3.2000,-0.1250,-0.1250,-5.4000,0.2385,-0.0287,2.6162,-2.5273,0.0000
57,w,Rf7,R,,1.28,1.03,-0.250,13.7000,24.5000,10.8000,10.8000,c4,-1.3500,1.3500,0.0000,0.0000,0.0000,-0.3902,-0.0020,-1.2942,0.0000,0.0000
58,b,f3,P,?,1.03,2.30,-1.270,24.5000,19.1000,-5.4000,5.4000,c8,1.7250,-1.7250,0.0000,-0.0000,0.0000,-0.4948,0.0193,-3.6530,1.4756,-0.0000
59,w,Rf5,R,,2.30,1.94,-0.360,19.1000,5.6000,-13.5000,-13.5000,c4,8.6400,8.6400,-0.6750,-0.6750,-29.1600,0.9101,0.8305,-0.8646,0.0000,0.0000
60,b,Rxf5,R,,1.94,2.16,-0.220,5.6000,-10.6000,-16.2000,16.2000,e5,-27.2700,-17.2800,-1.6200,-1.6200,43.7400,-1.2910,-0.2231,-5.9474,0.0000,226048.3200
61,w,gxf5,P,,2.16,2.02,-0.140,-10.6000,0.2000,10.8000,10.8000,c4,6.5950,6.5950,-4.4450,-4.4450,-49.1400,0.3328,-0.0225,2.8392,1.8092,-226048.3200
62,b,Rf8,R,,2.02,2.03,-0.010,0.2000,2.9000,2.7000,-2.7000,c8,0.0000,2.7000,-0.6750,-0.6750,0.0000,-3.1179,-18.3259,-54.6713,0.0000,0.0000
63,w,Rxe4,R,,2.03,1.87,-0.160,2.9000,-2.5000,-5.4000,-5.4000,f5,0.6950,-6.3450,0.5500,0.5500,4.9000,0.3392,0.0455,0.9612,0.3465,253.0967
64,b,Rxf5,R,,1.87,1.97,-0.100,-2.5000,-2.5000,0.0000,-0.0000,f8,-3.0750,-3.0750,1.3500,1.3500,-0.5000,-0.0180,0.0221,-0.4680,-2.5512,-253.0967
65,w,Kh2,K,,1.97,1.76,-0.210,-2.5000,-5.0000,-2.5000,-2.5000,f2,0.0000,0.0000,0.0000,0.0000,0.0000,-0.1071,-0.0647,-0.0198,0.0000,0.0000
66,b,Kb6,K,,1.76,2.07,-0.310,-5.0000,-5.0000,0.0000,-0.0000,b7,-0.7812,0.7812,0.0000,0.0000,0.0000,0.0874,-0.9915,-0.8214,0.0000,0.0000
67,w,Kg3,K,,2.07,2.51,0.440,-5.0000,0.0000,5.0000,5.0000,f2,-1.5625,-1.5625,0.0000,0.0000,6.2500,0.0000,0.0000,0.0000,0.0000,0.0000
68,b,c6,P,,2.51,2.41,0.100,0.0000,0.0000,0.0000,-0.0000,b6,0.8750,0.1250,0.0000,0.0000,-2.0000,0.0000,0.0000,0.0000,-0.1976,0.0000
69,w,Kg4,K,,2.41,2.37,-0.040,0.0000,27.0000,27.0000,27.0000,f2,0.9375,2.1875,0.0000,0.0000,-6.2500,1.9971,7.0376,15.9356,0.0000,0.0000
70,b,Rd5,R,,2.37,2.10,0.270,27.0000,24.3000,-2.7000,2.7000,f5,-9.5850,-2.2950,-0.6750,-0.6750,29.1600,-1.1291,-6.4487,-12.9015,0.0000,0.0000
71,w,Kxf3,K,,2.10,2.08,-0.020,24.3000,24.3000,0.0000,0.0000,e4,-1.2188,-0.7812,-0.1250,-0.1250,3.0000,1.3619,-0.4684,9.6026,-1.8639,253.0967
72,b,Rd2,R,?!,2.08,2.81,-0.730,24.3000,24.3000,0.0000,-0.0000,b6,10.9350,3.6450,0.0000,0.0000,-29.1600,0.1036,-0.0326,0.9317,0.0000,0.0000
73,w,Kg3,K,,2.81,2.73,-0.080,24.3000,8.3000,-16.0000,-16.0000,f2,-0.4688,-1.4062,0.0000,0.0000,3.7500,-2.2408,0.0636,-12.7919,0.0000,0.0000
74,b,Ra2,R,,2.73,3.01,-0.280,8.3000,-2.5000,-10.8000,10.8000,b6,0.0000,0.0000,-0.0000,-0.0000,0.0000,-0.0185,0.0347,-0.1930,0.0000,0.0000
75,w,a5+,P,,3.01,2.54,-0.470,-2.5000,-10.4000,-7.9000,-7.9000,f2,0.0000,0.0000,0.0000,0.0000,0.0000,-0.2832,-0.4218,-1.6129,-2.2281,-0.0000
76,b,Kb5,K,,2.54,1.69,0.850,-10.4000,-12.9000,-2.5000,2.5000,b6,2.1875,0.9375,0.0000,0.0000,-6.2500,-0.0373,-0.1399,-0.4191,0.0000,0.0000
77,w,Kg4,K,??,1.69,0.00,-1.690,-12.9000,0.6000,13.5000,13.5000,a5,-2.1875,-0.9375,0.0000,0.0000,6.2500,0.5754,0.0309,1.5185,0.0000,0.0000
78,b,Rxf2,R,,0.00,0.00,-0.000,0.6000,16.8000,16.2000,-16.2000,g5,-0.1250,-0.1250,-0.1250,-0.1250,-0.5000,0.0051,0.0003,-0.0428,0.1806,-253.0967
79,w,Kxg5,K,,0.00,0.00,0.000,16.8000,0.8000,-16.0000,-16.0000,a5,0.1250,4.5000,-0.1250,-0.1250,-10.2500,-0.6418,-0.1686,-1.9657,-1.3406,253.0967
80,b,Rb2,R,,0.00,0.00,-0.000,0.8000,-18.1000,-18.9000,18.9000,b5,3.6450,-3.6450,0.0000,0.0000,0.0000,0.0920,0.0222,0.1391,0.0000,0.0000
81,w,Kf5,K,,0.00,-0.13,-0.130,-18.1000,-4.6000,13.5000,13.5000,a5,1.5625,-1.5625,-0.3125,-0.3125,2.5000,1.3194,0.1111,5.2439,0.0000,0.0000
82,b,Rxb4,R,,-0.13,0.00,-0.130,-4.6000,-15.6000,-11.0000,11.0000,b2,0.2300,-0.4800,-0.1250,-0.1250,-0.5000,1.0580,6.6731,11.5881,-2.0697,-253.0967
83,w,Rxb4+,R,,0.00,0.00,0.000,-15.6000,-7.5000,8.1000,8.1000,e4,-14.0400,6.7500,-3.6450,-3.6450,-14.5800,-2.1177,-3.7394,-12.2439,0.0000,226048.3200
84,b,Kxb4,K,,0.00,0.00,-0.000,-7.5000,-2.5000,5.0000,-5.0000,b5,-0.2700,-7.0200,-3.6450,-3.6450,-14.5800,-0.4854,-2.9427,-4.9175,0.0000,-226048.3200
85,w,e4,P,,0.00,-0.01,-0.010,-2.5000,0.0000,2.5000,2.5000,a5,-0.5000,-0.7500,0.3125,0.3125,0.0000,0.0347,0.0028,0.1427,0.2122,0.0000
86,b,c5,P,,-0.01,-0.03,0.020,0.0000,-2.5000,-2.5000,2.5000,c6,-0.7500,0.7500,0.0000,0.0000,0.0000,-0.0316,-0.1433,-0.3029,-0.0817,-0.0000
87,w,e5,P,,-0.03,0.00,0.030,-2.5000,-2.5000,0.0000,0.0000,a5,0.0000,0.0000,0.0000,0.0000,0.0000,0.0000,0.0000,0.0000,-0.4829,-0.0000
88,b,c4,P,,0.00,0.00,-0.000,-2.5000,-2.5000,0.0000,-0.0000,a6,0.0000,-1.2500,0.0000,0.0000,2.5000,0.0000,0.0000,0.0000,-1.1281,0.0000
89,w,e6,P,,0.00,0.00,0.000,-2.5000,-2.5000,0.0000,0.0000,a5,0.2500,-0.2500,0.0000,0.0000,0.0000,0.0000,0.0000,0.0000,2.1508,-0.0000
90,b,c3,P,,0.00,0.00,-0.000,-2.5000,-2.5000,0.0000,-0.0000,a6,1.0000,0.2500,0.0000,0.0000,-2.5000,0.0000,0.0000,0.0000,-0.1035,0.0000
91,w,e7,P,,0.00,-0.01,-0.010,-2.5000,-5.0000,-2.5000,-2.5000,a5,-1.2500,1.2500,0.0000,0.0000,0.0000,-0.0347,-0.0028,-0.1427,-0.2415,0.0000
92,b,c2,P,,-0.01,-0.09,0.080,-5.0000,-2.5000,2.5000,-2.5000,a6,-0.1250,0.1250,0.0000,0.0000,0.0000,0.0316,0.1433,0.3029,0.8619,0.0000
93,w,e8=Q,P,,-0.09,-0.04,0.050,-2.5000,-2.5000,0.0000,0.0000,a5,12.3800,11.1300,8.4550,8.4550,38.2200,0.0000,0.0000,0.0000,-3.1117,1936357.7756
94,b,c1=Q,P,,-0.04,0.00,-0.040,-2.5000,-2.5000,0.0000,-0.0000,a6,11.7550,11.7550,8.4550,8.4550,38.2200,0.0000,0.0000,0.0000,-0.1402,-1936357.7756
95,w,Qd8,Q,,0.00,0.00,0.000,-2.5000,6.3000,8.8000,8.8000,a5,0.0000,-4.4000,1.1000,1.1000,0.0000,0.1299,1.2419,0.6730,0.0000,0.0000
96,b,Qc5+,Q,,0.00,0.00,-0.000,6.3000,-68.5000,-74.8000,74.8000,a6,-7.7000,3.3000,1.1000,1.1000,0.0000,2.9670,7.7117,18.7778,0.0000,0.0000
97,w,Ke4,K,,0.00,0.00,0.000,-68.5000,-46.5000,22.0000,22.0000,f5,6.2812,-6.2812,0.0000,0.0000,0.0000,5.1797,2.6476,-0.0174,0.0000,-0.0000
98,b,Qc4+,Q,,0.00,0.00,-0.000,-46.5000,-68.5000,-22.0000,22.0000,a6,0.0000,0.0000,0.0000,0.0000,0.0000,-3.1703,-0.9676,-0.0948,0.0000,0.0000
99,w,Ke3,K,,0.00,0.00,0.000,-68.5000,-46.5000,22.0000,22.0000,e4,-6.2812,-4.7188,2.7500,2.7500,0.0000,26.0101,7.2382,-0.2554,0.0000,-0.0000
100,b,Qe6+,Q,,0.00,-0.01,0.010,-46.5000,-24.5000,22.0000,-22.0000,a6,0.0000,11.0000,-2.7500,-2.7500,0.0000,-25.6068,-14.7393,-18.4384,0.0000,-0.0000
101,w,Kd2,K,,-0.01,-0.02,-0.010,-24.5000,19.5000,44.0000,44.0000,e3,3.9375,-3.9375,0.0000,0.0000,0.0000,-3.3694,9.9367,8.3332,0.0000,0.0000
102,b,Qh6+,Q,,-0.02,0.00,-0.020,19.5000,-2.5000,-22.0000,22.0000,e6,2.2000,-2.2000,-0.0000,-0.0000,0.0000,0.3197,9.6611,4.1930,0.0000,0.0000
103,w,Kc2,K,,0.00,-0.03,-0.030,-2.5000,-2.5000,0.0000,0.0000,d8,1.5625,-1.5625,0.0000,0.0000,0.0000,-2.2696,-21.1009,-12.3736,0.0000,0.0000
104,b,Qg6+,Q,,-0.03,-0.02,-0.010,-2.5000,-24.5000,-22.0000,22.0000,h6,-7.7000,7.7000,-0.0000,-0.0000,0.0000,2.4236,1.2845,-0.1659,0.0000,0.0000
105,w,Kc1,K,,-0.02,0.00,0.020,-24.5000,-2.5000,22.0000,22.0000,c2,4.8750,-6.1250,0.3125,0.3125,0.0000,-1.7409,-1.6916,0.3043,0.0000,0.0000
106,b,Qg1+,Q,,0.00,0.00,-0.000,-2.5000,-15.7000,-13.2000,13.2000,g6,0.0000,0.0000,0.0000,0.0000,0.0000,0.2124,13.2871,4.1666,0.0000,0.0000
107,w,Kb2,K,,0.00,0.00,0.000,-15.7000,6.3000,22.0000,22.0000,c1,1.4062,-0.1562,-0.3125,-0.3125,0.0000,-0.9555,-13.2674,-4.4292,0.0000,-0.0000
108,b,Qc5,Q,,0.00,0.00,-0.000,6.3000,-46.5000,-52.8000,52.8000,a6,0.0000,0.0000,0.0000,0.0000,0.0000,8.1467,10.3593,18.7604,0.0000,0.0000
109,w,Kb1,K,,0.00,0.00,0.000,-46.5000,-46.5000,0.0000,0.0000,a5,-0.7812,0.7812,0.0000,0.0000,0.0000,0.0000,0.0000,0.0000,0.0000,0.0000
110,b,Qc3,Q,,0.00,0.00,-0.000,-46.5000,-46.5000,0.0000,-0.0000,a6,9.6800,-9.6800,0.0000,-0.0000,0.0000,-0.1538,0.0594,0.8173,0.0000,0.0000
111,w,Qb6+,Q,,0.00,0.00,0.000,-46.5000,6.3000,52.8000,52.8000,a5,-2.2000,2.2000,-0.0000,0.0000,0.0000,0.4738,0.0903,-1.4450,0.0000,0.0000
112,b,Ka4,K,,0.00,0.00,-0.000,6.3000,28.3000,22.0000,-22.0000,a6,-0.6250,0.6250,0.0000,0.0000,0.0000,2.1068,-7.1949,-18.1195,0.0000,0.0000
113,w,Qxa6,Q,,0.00,0.00,0.000,28.3000,19.5000,-8.8000,-8.8000,a5,-0.1250,-0.1250,-0.1250,-0.1250,-0.5000,-9.0116,-1.9473,0.3433,-0.6430,253.0967
114,b,Qb3+,Q,,0.00,0.00,-0.000,19.5000,-37.7000,-57.2000,57.2000,a4,-9.6800,9.6800,0.0000,0.0000,0.0000,0.9959,1.0685,5.6085,0.0000,0.0000
115,w,Kc1,K,,0.00,0.00,0.000,-37.7000,-15.7000,22.0000,22.0000,b1,5.5000,5.5000,-2.7500,-2.7500,0.0000,4.9322,5.5574,-1.0183,0.0000,0.0000
116,b,Qc3+,Q,,0.00,0.00,-0.000,-15.7000,-2.5000,13.2000,-13.2000,a4,9.6800,-9.6800,0.0000,-0.0000,0.0000,14.9247,-3.4558,-4.1542,0.0000,0.0000
