kind,top_left_r,top_left_c,len_path,sign_flips,loop_cosine,classification
unit_1x1,0,0,5,2,1.0000000000000002,trivial
unit_1x1,0,1,5,2,1.0000000000000002,trivial
unit_1x1,0,2,5,2,1.0000000000000002,trivial
unit_1x1,0,3,5,2,1.0000000000000002,trivial
unit_1x1,0,4,5,2,1.0000000000000002,trivial
unit_1x1,0,5,5,2,1.0000000000000002,trivial
unit_1x1,0,6,5,2,1.0000000000000002,trivial
unit_1x1,1,0,5,2,1.0000000000000002,trivial
unit_1x1,1,1,5,2,1.0000000000000002,trivial
unit_1x1,1,2,5,2,1.0000000000000002,trivial
unit_1x1,1,3,5,2,1.0000000000000002,trivial
unit_1x1,1,4,5,2,1.0000000000000002,trivial
unit_1x1,1,5,5,2,1.0000000000000002,trivial
unit_1x1,1,6,5,2,1.0000000000000002,trivial
unit_1x1,2,0,5,2,1.0000000000000002,trivial
unit_1x1,2,1,5,2,1.0000000000000002,trivial
unit_1x1,2,2,5,2,1.0000000000000002,trivial
unit_1x1,2,3,5,2,1.0000000000000002,trivial
unit_1x1,2,4,5,2,1.0000000000000002,trivial
unit_1x1,2,5,5,2,1.0000000000000002,trivial
unit_1x1,2,6,5,2,1.0000000000000002,trivial
unit_1x1,3,0,5,2,1.0000000000000002,trivial
unit_1x1,3,1,5,2,1.0000000000000002,trivial
unit_1x1,3,2,5,2,1.0000000000000002,trivial
unit_1x1,3,3,5,2,1.0000000000000002,trivial
unit_1x1,3,4,5,2,1.0000000000000002,trivial
unit_1x1,3,5,5,2,1.0000000000000002,trivial
unit_1x1,3,6,5,2,1.0000000000000002,trivial
unit_1x1,4,0,5,2,1.0000000000000002,trivial
unit_1x1,4,1,5,2,1.0000000000000002,trivial
unit_1x1,4,2,5,2,1.0000000000000002,trivial
unit_1x1,4,3,5,2,1.0000000000000002,trivial
unit_1x1,4,4,5,2,1.0000000000000002,trivial
unit_1x1,4,5,5,2,1.0000000000000002,trivial
unit_1x1,4,6,5,2,1.0000000000000002,trivial
unit_1x1,5,0,5,2,1.0000000000000002,trivial
unit_1x1,5,1,5,2,1.0000000000000002,trivial
unit_1x1,5,2,5,2,1.0000000000000002,trivial
unit_1x1,5,3,5,2,1.0000000000000002,trivial
unit_1x1,5,4,5,2,1.0000000000000002,trivial
unit_1x1,5,5,5,2,1.0000000000000002,trivial
unit_1x1,5,6,5,2,1.0000000000000002,trivial
unit_1x1,6,0,5,2,1.0000000000000002,trivial
unit_1x1,6,1,5,2,1.0000000000000002,trivial
unit_1x1,6,2,5,2,1.0000000000000002,trivial
unit_1x1,6,3,5,2,1.0000000000000002,trivial
unit_1x1,6,4,5,2,1.0000000000000002,trivial
unit_1x1,6,5,5,2,1.0000000000000002,trivial
unit_1x1,6,6,5,2,1.0000000000000002,trivial
square_2x2,0,0,9,4,1.0000000000000002,trivial
square_2x2,0,1,9,4,1.0000000000000002,trivial
square_2x2,0,2,9,4,1.0000000000000002,trivial
square_2x2,0,3,9,4,1.0000000000000002,trivial
square_2x2,0,4,9,4,1.0000000000000002,trivial
square_2x2,0,5,9,4,1.0000000000000002,trivial
square_2x2,1,0,9,4,1.0000000000000002,trivial
square_2x2,1,1,9,4,1.0000000000000002,trivial
square_2x2,1,2,9,4,1.0000000000000002,trivial
square_2x2,1,3,9,4,1.0000000000000002,trivial
square_2x2,1,4,9,4,1.0000000000000002,trivial
square_2x2,1,5,9,4,1.0000000000000002,trivial
square_2x2,2,0,9,4,1.0000000000000002,trivial
square_2x2,2,1,9,4,1.0000000000000002,trivial
square_2x2,2,2,9,4,1.0000000000000002,trivial
square_2x2,2,3,9,4,1.0000000000000002,trivial
square_2x2,2,4,9,4,1.0000000000000002,trivial
square_2x2,2,5,9,4,1.0000000000000002,trivial
square_2x2,3,0,9,4,1.0000000000000002,trivial
square_2x2,3,1,9,4,1.0000000000000002,trivial
square_2x2,3,2,9,4,1.0000000000000002,trivial
square_2x2,3,3,9,4,1.0000000000000002,trivial
square_2x2,3,4,9,4,1.0000000000000002,trivial
square_2x2,3,5,9,4,1.0000000000000002,trivial
square_2x2,4,0,9,4,1.0000000000000002,trivial
square_2x2,4,1,9,4,1.0000000000000002,trivial
square_2x2,4,2,9,4,1.0000000000000002,trivial
square_2x2,4,3,9,4,1.0000000000000002,trivial
square_2x2,4,4,9,4,1.0000000000000002,trivial
square_2x2,4,5,9,4,1.0000000000000002,trivial
square_2x2,5,0,9,4,1.0000000000000002,trivial
square_2x2,5,1,9,4,1.0000000000000002,trivial
square_2x2,5,2,9,4,1.0000000000000002,trivial
square_2x2,5,3,9,4,1.0000000000000002,trivial
square_2x2,5,4,9,4,1.0000000000000002,trivial
square_2x2,5,5,9,4,1.0000000000000002,trivial
square_3x3,0,0,13,6,1.0000000000000002,trivial
square_3x3,0,1,13,6,1.0000000000000002,trivial
square_3x3,0,2,13,6,1.0000000000000002,trivial
square_3x3,0,3,13,6,1.0000000000000002,trivial
square_3x3,0,4,13,6,1.0000000000000002,trivial
square_3x3,1,0,13,6,1.0000000000000002,trivial
square_3x3,1,1,13,6,1.0000000000000002,trivial
square_3x3,1,2,13,6,1.0000000000000002,trivial
square_3x3,1,3,13,6,1.0000000000000002,trivial
square_3x3,1,4,13,6,1.0000000000000002,trivial
square_3x3,2,0,13,6,1.0000000000000002,trivial
square_3x3,2,1,13,6,1.0000000000000002,trivial
square_3x3,2,2,13,6,1.0000000000000002,trivial
square_3x3,2,3,13,6,1.0000000000000002,trivial
square_3x3,2,4,13,6,1.0000000000000002,trivial
square_3x3,3,0,13,6,1.0000000000000002,trivial
square_3x3,3,1,13,6,1.0000000000000002,trivial
square_3x3,3,2,13,6,1.0000000000000002,trivial
square_3x3,3,3,13,6,1.0000000000000002,trivial
square_3x3,3,4,13,6,1.0000000000000002,trivial
square_3x3,4,0,13,6,1.0000000000000002,trivial
square_3x3,4,1,13,6,1.0000000000000002,trivial
square_3x3,4,2,13,6,1.0000000000000002,trivial
square_3x3,4,3,13,6,1.0000000000000002,trivial
square_3x3,4,4,13,6,1.0000000000000002,trivial
rect_2x1,0,0,7,3,1.0000000000000002,trivial
rect_2x1,0,1,7,3,1.0000000000000002,trivial
rect_2x1,0,2,7,3,1.0000000000000002,trivial
rect_2x1,0,3,7,3,1.0000000000000002,trivial
rect_2x1,0,4,7,3,1.0000000000000002,trivial
rect_2x1,0,5,7,3,1.0000000000000002,trivial
rect_2x1,1,0,7,3,1.0000000000000002,trivial
rect_2x1,1,1,7,3,1.0000000000000002,trivial
rect_2x1,1,2,7,3,1.0000000000000002,trivial
rect_2x1,1,3,7,3,1.0000000000000002,trivial
rect_2x1,1,4,7,3,1.0000000000000002,trivial
rect_2x1,1,5,7,3,1.0000000000000002,trivial
rect_2x1,2,0,7,3,1.0000000000000002,trivial
rect_2x1,2,1,7,3,1.0000000000000002,trivial
rect_2x1,2,2,7,3,1.0000000000000002,trivial
rect_2x1,2,3,7,3,1.0000000000000002,trivial
rect_2x1,2,4,7,3,1.0000000000000002,trivial
rect_2x1,2,5,7,3,1.0000000000000002,trivial
rect_2x1,3,0,7,3,1.0000000000000002,trivial
rect_2x1,3,1,7,3,1.0000000000000002,trivial
rect_2x1,3,2,7,3,1.0000000000000002,trivial
rect_2x1,3,3,7,3,1.0000000000000002,trivial
rect_2x1,3,4,7,3,1.0000000000000002,trivial
rect_2x1,3,5,7,3,1.0000000000000002,trivial
rect_2x1,4,0,7,3,1.0000000000000002,trivial
rect_2x1,4,1,7,3,1.0000000000000002,trivial
rect_2x1,4,2,7,3,1.0000000000000002,trivial
rect_2x1,4,3,7,3,1.0000000000000002,trivial
rect_2x1,4,4,7,3,1.0000000000000002,trivial
rect_2x1,4,5,7,3,1.0000000000000002,trivial
rect_2x1,5,0,7,3,1.0000000000000002,trivial
rect_2x1,5,1,7,3,1.0000000000000002,trivial
rect_2x1,5,2,7,3,1.0000000000000002,trivial
rect_2x1,5,3,7,3,1.0000000000000002,trivial
rect_2x1,5,4,7,3,1.0000000000000002,trivial
rect_2x1,5,5,7,3,1.0000000000000002,trivial
rect_2x1,6,0,7,3,1.0000000000000002,trivial
rect_2x1,6,1,7,3,1.0000000000000002,trivial
rect_2x1,6,2,7,3,1.0000000000000002,trivial
rect_2x1,6,3,7,3,1.0000000000000002,trivial
rect_2x1,6,4,7,3,1.0000000000000002,trivial
rect_2x1,6,5,7,3,1.0000000000000002,trivial
rect_3x1,0,0,9,4,1.0000000000000002,trivial
rect_3x1,0,1,9,4,1.0000000000000002,trivial
rect_3x1,0,2,9,4,1.0000000000000002,trivial
rect_3x1,0,3,9,4,1.0000000000000002,trivial
rect_3x1,0,4,9,4,1.0000000000000002,trivial
rect_3x1,1,0,9,4,1.0000000000000002,trivial
rect_3x1,1,1,9,4,1.0000000000000002,trivial
rect_3x1,1,2,9,4,1.0000000000000002,trivial
rect_3x1,1,3,9,4,1.0000000000000002,trivial
rect_3x1,1,4,9,4,1.0000000000000002,trivial
rect_3x1,2,0,9,4,1.0000000000000002,trivial
rect_3x1,2,1,9,4,1.0000000000000002,trivial
rect_3x1,2,2,9,4,1.0000000000000002,trivial
rect_3x1,2,3,9,4,1.0000000000000002,trivial
rect_3x1,2,4,9,4,1.0000000000000002,trivial
rect_3x1,3,0,9,4,1.0000000000000002,trivial
rect_3x1,3,1,9,4,1.0000000000000002,trivial
rect_3x1,3,2,9,4,1.0000000000000002,trivial
rect_3x1,3,3,9,4,1.0000000000000002,trivial
rect_3x1,3,4,9,4,1.0000000000000002,trivial
rect_3x1,4,0,9,4,1.0000000000000002,trivial
rect_3x1,4,1,9,4,1.0000000000000002,trivial
rect_3x1,4,2,9,4,1.0000000000000002,trivial
rect_3x1,4,3,9,4,1.0000000000000002,trivial
rect_3x1,4,4,9,4,1.0000000000000002,trivial
rect_3x1,5,0,9,4,1.0000000000000002,trivial
rect_3x1,5,1,9,4,1.0000000000000002,trivial
rect_3x1,5,2,9,4,1.0000000000000002,trivial
rect_3x1,5,3,9,4,1.0000000000000002,trivial
rect_3x1,5,4,9,4,1.0000000000000002,trivial
rect_3x1,6,0,9,4,1.0000000000000002,trivial
rect_3x1,6,1,9,4,1.0000000000000002,trivial
rect_3x1,6,2,9,4,1.0000000000000002,trivial
rect_3x1,6,3,9,4,1.0000000000000002,trivial
rect_3x1,6,4,9,4,1.0000000000000002,trivial
rect_4x1,0,0,11,5,1.0000000000000002,trivial
rect_4x1,0,1,11,5,1.0000000000000002,trivial
rect_4x1,0,2,11,5,1.0000000000000002,trivial
rect_4x1,0,3,11,5,1.0000000000000002,trivial
rect_4x1,1,0,11,5,1.0000000000000002,trivial
rect_4x1,1,1,11,5,1.0000000000000002,trivial
rect_4x1,1,2,11,5,1.0000000000000002,trivial
rect_4x1,1,3,11,5,1.0000000000000002,trivial
rect_4x1,2,0,11,5,1.0000000000000002,trivial
rect_4x1,2,1,11,5,1.0000000000000002,trivial
rect_4x1,2,2,11,5,1.0000000000000002,trivial
rect_4x1,2,3,11,5,1.0000000000000002,trivial
rect_4x1,3,0,11,5,1.0000000000000002,trivial
rect_4x1,3,1,11,5,1.0000000000000002,trivial
rect_4x1,3,2,11,5,1.0000000000000002,trivial
rect_4x1,3,3,11,5,1.0000000000000002,trivial
rect_4x1,4,0,11,5,1.0000000000000002,trivial
rect_4x1,4,1,11,5,1.0000000000000002,trivial
rect_4x1,4,2,11,5,1.0000000000000002,trivial
rect_4x1,4,3,11,5,1.0000000000000002,trivial
rect_4x1,5,0,11,5,1.0000000000000002,trivial
rect_4x1,5,1,11,5,1.0000000000000002,trivial
rect_4x1,5,2,11,5,1.0000000000000002,trivial
rect_4x1,5,3,11,5,1.0000000000000002,trivial
rect_4x1,6,0,11,5,1.0000000000000002,trivial
rect_4x1,6,1,11,5,1.0000000000000002,trivial
rect_4x1,6,2,11,5,1.0000000000000002,trivial
rect_4x1,6,3,11,5,1.0000000000000002,trivial
rect_5x1,0,0,13,6,1.0000000000000002,trivial
rect_5x1,0,1,13,6,1.0000000000000002,trivial
rect_5x1,0,2,13,6,1.0000000000000002,trivial
rect_5x1,1,0,13,6,1.0000000000000002,trivial
rect_5x1,1,1,13,6,1.0000000000000002,trivial
rect_5x1,1,2,13,6,1.0000000000000002,trivial
rect_5x1,2,0,13,6,1.0000000000000002,trivial
rect_5x1,2,1,13,6,1.0000000000000002,trivial
rect_5x1,2,2,13,6,1.0000000000000002,trivial
rect_5x1,3,0,13,6,1.0000000000000002,trivial
rect_5x1,3,1,13,6,1.0000000000000002,trivial
rect_5x1,3,2,13,6,1.0000000000000002,trivial
rect_5x1,4,0,13,6,1.0000000000000002,trivial
rect_5x1,4,1,13,6,1.0000000000000002,trivial
rect_5x1,4,2,13,6,1.0000000000000002,trivial
rect_5x1,5,0,13,6,1.0000000000000002,trivial
rect_5x1,5,1,13,6,1.0000000000000002,trivial
rect_5x1,5,2,13,6,1.0000000000000002,trivial
rect_5x1,6,0,13,6,1.0000000000000002,trivial
rect_5x1,6,1,13,6,1.0000000000000002,trivial
rect_5x1,6,2,13,6,1.0000000000000002,trivial
rect_6x1,0,0,15,7,1.0000000000000002,trivial
rect_6x1,0,1,15,7,1.0000000000000002,trivial
rect_6x1,1,0,15,7,1.0000000000000002,trivial
rect_6x1,1,1,15,7,1.0000000000000002,trivial
rect_6x1,2,0,15,7,1.0000000000000002,trivial
rect_6x1,2,1,15,7,1.0000000000000002,trivial
rect_6x1,3,0,15,7,1.0000000000000002,trivial
rect_6x1,3,1,15,7,1.0000000000000002,trivial
rect_6x1,4,0,15,7,1.0000000000000002,trivial
rect_6x1,4,1,15,7,1.0000000000000002,trivial
rect_6x1,5,0,15,7,1.0000000000000002,trivial
rect_6x1,5,1,15,7,1.0000000000000002,trivial
rect_6x1,6,0,15,7,1.0000000000000002,trivial
rect_6x1,6,1,15,7,1.0000000000000002,trivial
rect_7x1,0,0,17,8,1.0000000000000002,trivial
rect_7x1,1,0,17,8,1.0000000000000002,trivial
rect_7x1,2,0,17,8,1.0000000000000002,trivial
rect_7x1,3,0,17,8,1.0000000000000002,trivial
rect_7x1,4,0,17,8,1.0000000000000002,trivial
rect_7x1,5,0,17,8,1.0000000000000002,trivial
rect_7x1,6,0,17,8,1.0000000000000002,trivial
rect_1x2,0,0,7,3,1.0000000000000002,trivial
rect_1x2,0,1,7,3,1.0000000000000002,trivial
rect_1x2,0,2,7,3,1.0000000000000002,trivial
rect_1x2,0,3,7,3,1.0000000000000002,trivial
rect_1x2,0,4,7,3,1.0000000000000002,trivial
rect_1x2,0,5,7,3,1.0000000000000002,trivial
rect_1x2,0,6,7,3,1.0000000000000002,trivial
rect_1x2,1,0,7,3,1.0000000000000002,trivial
rect_1x2,1,1,7,3,1.0000000000000002,trivial
rect_1x2,1,2,7,3,1.0000000000000002,trivial
rect_1x2,1,3,7,3,1.0000000000000002,trivial
rect_1x2,1,4,7,3,1.0000000000000002,trivial
rect_1x2,1,5,7,3,1.0000000000000002,trivial
rect_1x2,1,6,7,3,1.0000000000000002,trivial
rect_1x2,2,0,7,3,1.0000000000000002,trivial
rect_1x2,2,1,7,3,1.0000000000000002,trivial
rect_1x2,2,2,7,3,1.0000000000000002,trivial
rect_1x2,2,3,7,3,1.0000000000000002,trivial
rect_1x2,2,4,7,3,1.0000000000000002,trivial
rect_1x2,2,5,7,3,1.0000000000000002,trivial
rect_1x2,2,6,7,3,1.0000000000000002,trivial
rect_1x2,3,0,7,3,1.0000000000000002,trivial
rect_1x2,3,1,7,3,1.0000000000000002,trivial
rect_1x2,3,2,7,3,1.0000000000000002,trivial
rect_1x2,3,3,7,3,1.0000000000000002,trivial
rect_1x2,3,4,7,3,1.0000000000000002,trivial
rect_1x2,3,5,7,3,1.0000000000000002,trivial
rect_1x2,3,6,7,3,1.0000000000000002,trivial
rect_1x2,4,0,7,3,1.0000000000000002,trivial
rect_1x2,4,1,7,3,1.0000000000000002,trivial
rect_1x2,4,2,7,3,1.0000000000000002,trivial
rect_1x2,4,3,7,3,1.0000000000000002,trivial
rect_1x2,4,4,7,3,1.0000000000000002,trivial
rect_1x2,4,5,7,3,1.0000000000000002,trivial
rect_1x2,4,6,7,3,1.0000000000000002,trivial
rect_1x2,5,0,7,3,1.0000000000000002,trivial
rect_1x2,5,1,7,3,1.0000000000000002,trivial
rect_1x2,5,2,7,3,1.0000000000000002,trivial
rect_1x2,5,3,7,3,1.0000000000000002,trivial
rect_1x2,5,4,7,3,1.0000000000000002,trivial
rect_1x2,5,5,7,3,1.0000000000000002,trivial
rect_1x2,5,6,7,3,1.0000000000000002,trivial
rect_1x3,0,0,9,4,1.0000000000000002,trivial
rect_1x3,0,1,9,4,1.0000000000000002,trivial
rect_1x3,0,2,9,4,1.0000000000000002,trivial
rect_1x3,0,3,9,4,1.0000000000000002,trivial
rect_1x3,0,4,9,4,1.0000000000000002,trivial
rect_1x3,0,5,9,4,1.0000000000000002,trivial
rect_1x3,0,6,9,4,1.0000000000000002,trivial
rect_1x3,1,0,9,4,1.0000000000000002,trivial
rect_1x3,1,1,9,4,1.0000000000000002,trivial
rect_1x3,1,2,9,4,1.0000000000000002,trivial
rect_1x3,1,3,9,4,1.0000000000000002,trivial
rect_1x3,1,4,9,4,1.0000000000000002,trivial
rect_1x3,1,5,9,4,1.0000000000000002,trivial
rect_1x3,1,6,9,4,1.0000000000000002,trivial
rect_1x3,2,0,9,4,1.0000000000000002,trivial
rect_1x3,2,1,9,4,1.0000000000000002,trivial
rect_1x3,2,2,9,4,1.0000000000000002,trivial
rect_1x3,2,3,9,4,1.0000000000000002,trivial
rect_1x3,2,4,9,4,1.0000000000000002,trivial
rect_1x3,2,5,9,4,1.0000000000000002,trivial
rect_1x3,2,6,9,4,1.0000000000000002,trivial
rect_1x3,3,0,9,4,1.0000000000000002,trivial
rect_1x3,3,1,9,4,1.0000000000000002,trivial
rect_1x3,3,2,9,4,1.0000000000000002,trivial
rect_1x3,3,3,9,4,1.0000000000000002,trivial
rect_1x3,3,4,9,4,1.0000000000000002,trivial
rect_1x3,3,5,9,4,1.0000000000000002,trivial
rect_1x3,3,6,9,4,1.0000000000000002,trivial
rect_1x3,4,0,9,4,1.0000000000000002,trivial
rect_1x3,4,1,9,4,1.0000000000000002,trivial
rect_1x3,4,2,9,4,1.0000000000000002,trivial
rect_1x3,4,3,9,4,1.0000000000000002,trivial
rect_1x3,4,4,9,4,1.0000000000000002,trivial
rect_1x3,4,5,9,4,1.0000000000000002,trivial
rect_1x3,4,6,9,4,1.0000000000000002,trivial
rect_1x4,0,0,11,5,1.0000000000000002,trivial
rect_1x4,0,1,11,5,1.0000000000000002,trivial
rect_1x4,0,2,11,5,1.0000000000000002,trivial
rect_1x4,0,3,11,5,1.0000000000000002,trivial
rect_1x4,0,4,11,5,1.0000000000000002,trivial
rect_1x4,0,5,11,5,1.0000000000000002,trivial
rect_1x4,0,6,11,5,1.0000000000000002,trivial
rect_1x4,1,0,11,5,1.0000000000000002,trivial
rect_1x4,1,1,11,5,1.0000000000000002,trivial
rect_1x4,1,2,11,5,1.0000000000000002,trivial
rect_1x4,1,3,11,5,1.0000000000000002,trivial
rect_1x4,1,4,11,5,1.0000000000000002,trivial
rect_1x4,1,5,11,5,1.0000000000000002,trivial
rect_1x4,1,6,11,5,1.0000000000000002,trivial
rect_1x4,2,0,11,5,1.0000000000000002,trivial
rect_1x4,2,1,11,5,1.0000000000000002,trivial
rect_1x4,2,2,11,5,1.0000000000000002,trivial
rect_1x4,2,3,11,5,1.0000000000000002,trivial
rect_1x4,2,4,11,5,1.0000000000000002,trivial
rect_1x4,2,5,11,5,1.0000000000000002,trivial
rect_1x4,2,6,11,5,1.0000000000000002,trivial
rect_1x4,3,0,11,5,1.0000000000000002,trivial
rect_1x4,3,1,11,5,1.0000000000000002,trivial
rect_1x4,3,2,11,5,1.0000000000000002,trivial
rect_1x4,3,3,11,5,1.0000000000000002,trivial
rect_1x4,3,4,11,5,1.0000000000000002,trivial
rect_1x4,3,5,11,5,1.0000000000000002,trivial
rect_1x4,3,6,11,5,1.0000000000000002,trivial
rect_1x5,0,0,13,6,1.0000000000000002,trivial
rect_1x5,0,1,13,6,1.0000000000000002,trivial
rect_1x5,0,2,13,6,1.0000000000000002,trivial
rect_1x5,0,3,13,6,1.0000000000000002,trivial
rect_1x5,0,4,13,6,1.0000000000000002,trivial
rect_1x5,0,5,13,6,1.0000000000000002,trivial
rect_1x5,0,6,13,6,1.0000000000000002,trivial
rect_1x5,1,0,13,6,1.0000000000000002,trivial
rect_1x5,1,1,13,6,1.0000000000000002,trivial
rect_1x5,1,2,13,6,1.0000000000000002,trivial
rect_1x5,1,3,13,6,1.0000000000000002,trivial
rect_1x5,1,4,13,6,1.0000000000000002,trivial
rect_1x5,1,5,13,6,1.0000000000000002,trivial
rect_1x5,1,6,13,6,1.0000000000000002,trivial
rect_1x5,2,0,13,6,1.0000000000000002,trivial
rect_1x5,2,1,13,6,1.0000000000000002,trivial
rect_1x5,2,2,13,6,1.0000000000000002,trivial
rect_1x5,2,3,13,6,1.0000000000000002,trivial
rect_1x5,2,4,13,6,1.0000000000000002,trivial
rect_1x5,2,5,13,6,1.0000000000000002,trivial
rect_1x5,2,6,13,6,1.0000000000000002,trivial
rect_1x6,0,0,15,7,1.0000000000000002,trivial
rect_1x6,0,1,15,7,1.0000000000000002,trivial
rect_1x6,0,2,15,7,1.0000000000000002,trivial
rect_1x6,0,3,15,7,1.0000000000000002,trivial
rect_1x6,0,4,15,7,1.0000000000000002,trivial
rect_1x6,0,5,15,7,1.0000000000000002,trivial
rect_1x6,0,6,15,7,1.0000000000000002,trivial
rect_1x6,1,0,15,7,1.0000000000000002,trivial
rect_1x6,1,1,15,7,1.0000000000000002,trivial
rect_1x6,1,2,15,7,1.0000000000000002,trivial
rect_1x6,1,3,15,7,1.0000000000000002,trivial
rect_1x6,1,4,15,7,1.0000000000000002,trivial
rect_1x6,1,5,15,7,1.0000000000000002,trivial
rect_1x6,1,6,15,7,1.0000000000000002,trivial
rect_1x7,0,0,17,8,1.0000000000000002,trivial
rect_1x7,0,1,17,8,1.0000000000000002,trivial
rect_1x7,0,2,17,8,1.0000000000000002,trivial
rect_1x7,0,3,17,8,1.0000000000000002,trivial
rect_1x7,0,4,17,8,1.0000000000000002,trivial
rect_1x7,0,5,17,8,1.0000000000000002,trivial
rect_1x7,0,6,17,8,1.0000000000000002,trivial
triangle_0,0,0,4,0,1.0000000000000002,trivial
triangle_1,0,0,4,0,1.0000000000000002,trivial
triangle_2,0,7,4,0,1.0000000000000002,trivial
triangle_3,0,0,4,0,1.0000000000000002,trivial
lj_rect_1x1,0,0,5,2,1.0000000000000002,trivial
lj_rect_1x1,0,1,5,2,1.0000000000000002,trivial
lj_rect_1x1,0,2,5,2,1.0000000000000002,trivial
lj_rect_1x1,0,3,5,2,1.0000000000000002,trivial
lj_rect_1x1,0,4,5,2,1.0000000000000002,trivial
lj_rect_1x1,0,5,5,2,1.0000000000000002,trivial
lj_rect_1x1,0,6,5,2,1.0000000000000002,trivial
lj_rect_1x1,1,0,5,2,1.0000000000000002,trivial
lj_rect_1x1,1,1,5,2,1.0000000000000002,trivial
lj_rect_1x1,1,2,5,2,1.0000000000000002,trivial
lj_rect_1x1,1,3,5,2,1.0000000000000002,trivial
lj_rect_1x1,1,4,5,2,1.0000000000000002,trivial
lj_rect_1x1,1,5,5,2,1.0000000000000002,trivial
lj_rect_1x1,1,6,5,2,1.0000000000000002,trivial
lj_rect_1x1,2,0,5,2,1.0000000000000002,trivial
lj_rect_1x1,2,1,5,2,1.0000000000000002,trivial
lj_rect_1x1,2,2,5,2,1.0000000000000002,trivial
lj_rect_1x1,2,3,5,2,1.0000000000000002,trivial
lj_rect_1x1,2,4,5,2,1.0000000000000002,trivial
lj_rect_1x1,2,5,5,2,1.0000000000000002,trivial
lj_rect_1x1,2,6,5,2,1.0000000000000002,trivial
lj_rect_1x1,3,0,5,2,1.0000000000000002,trivial
lj_rect_1x1,3,1,5,2,1.0000000000000002,trivial
lj_rect_1x1,3,2,5,2,1.0000000000000002,trivial
lj_rect_1x1,3,3,5,2,1.0000000000000002,trivial
lj_rect_1x1,3,4,5,2,1.0000000000000002,trivial
lj_rect_1x1,3,5,5,2,1.0000000000000002,trivial
lj_rect_1x1,3,6,5,2,1.0000000000000002,trivial
lj_rect_1x1,4,0,5,2,1.0000000000000002,trivial
lj_rect_1x1,4,1,5,2,1.0000000000000002,trivial
lj_rect_1x1,4,2,5,2,1.0000000000000002,trivial
lj_rect_1x1,4,3,5,2,1.0000000000000002,trivial
lj_rect_1x1,4,4,5,2,1.0000000000000002,trivial
lj_rect_1x1,4,5,5,2,1.0000000000000002,trivial
lj_rect_1x1,4,6,5,2,1.0000000000000002,trivial
lj_rect_1x1,5,0,5,2,1.0000000000000002,trivial
lj_rect_1x1,5,1,5,2,1.0000000000000002,trivial
lj_rect_1x1,5,2,5,2,1.0000000000000002,trivial
lj_rect_1x1,5,3,5,2,1.0000000000000002,trivial
lj_rect_1x1,5,4,5,2,1.0000000000000002,trivial
lj_rect_1x1,5,5,5,2,1.0000000000000002,trivial
lj_rect_1x1,5,6,5,2,1.0000000000000002,trivial
lj_rect_1x1,6,0,5,2,1.0000000000000002,trivial
lj_rect_1x1,6,1,5,2,1.0000000000000002,trivial
lj_rect_1x1,6,2,5,2,1.0000000000000002,trivial
lj_rect_1x1,6,3,5,2,1.0000000000000002,trivial
lj_rect_1x1,6,4,5,2,1.0000000000000002,trivial
lj_rect_1x1,6,5,5,2,1.0000000000000002,trivial
lj_rect_1x1,6,6,5,2,1.0000000000000002,trivial
lj_rect_2x1,0,0,5,2,1.0000000000000002,trivial
lj_rect_2x1,0,1,5,2,1.0000000000000002,trivial
lj_rect_2x1,0,2,5,2,1.0000000000000002,trivial
lj_rect_2x1,0,3,5,2,1.0000000000000002,trivial
lj_rect_2x1,0,4,5,2,1.0000000000000002,trivial
lj_rect_2x1,0,5,5,2,1.0000000000000002,trivial
lj_rect_2x1,1,0,5,2,1.0000000000000002,trivial
lj_rect_2x1,1,1,5,2,1.0000000000000002,trivial
lj_rect_2x1,1,2,5,2,1.0000000000000002,trivial
lj_rect_2x1,1,3,5,2,1.0000000000000002,trivial
lj_rect_2x1,1,4,5,2,1.0000000000000002,trivial
lj_rect_2x1,1,5,5,2,1.0000000000000002,trivial
lj_rect_2x1,2,0,5,2,1.0000000000000002,trivial
lj_rect_2x1,2,1,5,2,1.0000000000000002,trivial
lj_rect_2x1,2,2,5,2,1.0000000000000002,trivial
lj_rect_2x1,2,3,5,2,1.0000000000000002,trivial
lj_rect_2x1,2,4,5,2,1.0000000000000002,trivial
lj_rect_2x1,2,5,5,2,1.0000000000000002,trivial
lj_rect_2x1,3,0,5,2,1.0000000000000002,trivial
lj_rect_2x1,3,1,5,2,1.0000000000000002,trivial
lj_rect_2x1,3,2,5,2,1.0000000000000002,trivial
lj_rect_2x1,3,3,5,2,1.0000000000000002,trivial
lj_rect_2x1,3,4,5,2,1.0000000000000002,trivial
lj_rect_2x1,3,5,5,2,1.0000000000000002,trivial
lj_rect_2x1,4,0,5,2,1.0000000000000002,trivial
lj_rect_2x1,4,1,5,2,1.0000000000000002,trivial
lj_rect_2x1,4,2,5,2,1.0000000000000002,trivial
lj_rect_2x1,4,3,5,2,1.0000000000000002,trivial
lj_rect_2x1,4,4,5,2,1.0000000000000002,trivial
lj_rect_2x1,4,5,5,2,1.0000000000000002,trivial
lj_rect_2x1,5,0,5,2,1.0000000000000002,trivial
lj_rect_2x1,5,1,5,2,1.0000000000000002,trivial
lj_rect_2x1,5,2,5,2,1.0000000000000002,trivial
lj_rect_2x1,5,3,5,2,1.0000000000000002,trivial
lj_rect_2x1,5,4,5,2,1.0000000000000002,trivial
lj_rect_2x1,5,5,5,2,1.0000000000000002,trivial
lj_rect_2x1,6,0,5,2,1.0000000000000002,trivial
lj_rect_2x1,6,1,5,2,1.0000000000000002,trivial
lj_rect_2x1,6,2,5,2,1.0000000000000002,trivial
lj_rect_2x1,6,3,5,2,1.0000000000000002,trivial
lj_rect_2x1,6,4,5,2,1.0000000000000002,trivial
lj_rect_2x1,6,5,5,2,1.0000000000000002,trivial
lj_rect_3x1,0,0,5,2,-1.0000000000000002,Z2_holonomy
lj_rect_3x1,0,1,5,2,-1.0000000000000002,Z2_holonomy
lj_rect_3x1,0,2,5,2,-1.0000000000000002,Z2_holonomy
lj_rect_3x1,0,3,5,2,-1.0000000000000002,Z2_holonomy
lj_rect_3x1,0,4,5,2,-1.0000000000000002,Z2_holonomy
lj_rect_3x1,1,0,5,2,-1.0000000000000002,Z2_holonomy
lj_rect_3x1,1,1,5,2,-1.0000000000000002,Z2_holonomy
lj_rect_3x1,1,2,5,2,-1.0000000000000002,Z2_holonomy
lj_rect_3x1,1,3,5,2,-1.0000000000000002,Z2_holonomy
lj_rect_3x1,1,4,5,2,-1.0000000000000002,Z2_holonomy
lj_rect_3x1,2,0,5,2,-1.0000000000000002,Z2_holonomy
lj_rect_3x1,2,1,5,2,-1.0000000000000002,Z2_holonomy
lj_rect_3x1,2,2,5,2,-1.0000000000000002,Z2_holonomy
lj_rect_3x1,2,3,5,2,-1.0000000000000002,Z2_holonomy
lj_rect_3x1,2,4,5,2,-1.0000000000000002,Z2_holonomy
lj_rect_3x1,3,0,5,2,-1.0000000000000002,Z2_holonomy
lj_rect_3x1,3,1,5,2,-1.0000000000000002,Z2_holonomy
lj_rect_3x1,3,2,5,2,-1.0000000000000002,Z2_holonomy
lj_rect_3x1,3,3,5,2,-1.0000000000000002,Z2_holonomy
lj_rect_3x1,3,4,5,2,-1.0000000000000002,Z2_holonomy
lj_rect_3x1,4,0,5,2,-1.0000000000000002,Z2_holonomy
lj_rect_3x1,4,1,5,2,-1.0000000000000002,Z2_holonomy
lj_rect_3x1,4,2,5,2,-1.0000000000000002,Z2_holonomy
lj_rect_3x1,4,3,5,2,-1.0000000000000002,Z2_holonomy
lj_rect_3x1,4,4,5,2,-1.0000000000000002,Z2_holonomy
lj_rect_3x1,5,0,5,2,-1.0000000000000002,Z2_holonomy
lj_rect_3x1,5,1,5,2,-1.0000000000000002,Z2_holonomy
lj_rect_3x1,5,2,5,2,-1.0000000000000002,Z2_holonomy
lj_rect_3x1,5,3,5,2,-1.0000000000000002,Z2_holonomy
lj_rect_3x1,5,4,5,2,-1.0000000000000002,Z2_holonomy
lj_rect_3x1,6,0,5,2,-1.0000000000000002,Z2_holonomy
lj_rect_3x1,6,1,5,2,-1.0000000000000002,Z2_holonomy
lj_rect_3x1,6,2,5,2,-1.0000000000000002,Z2_holonomy
lj_rect_3x1,6,3,5,2,-1.0000000000000002,Z2_holonomy
lj_rect_3x1,6,4,5,2,-1.0000000000000002,Z2_holonomy
lj_rect_4x1,0,0,5,2,-1.0000000000000002,Z2_holonomy
lj_rect_4x1,0,1,5,2,-1.0000000000000002,Z2_holonomy
lj_rect_4x1,0,2,5,2,-1.0000000000000002,Z2_holonomy
lj_rect_4x1,0,3,5,2,-1.0000000000000002,Z2_holonomy
lj_rect_4x1,1,0,5,2,-1.0000000000000002,Z2_holonomy
lj_rect_4x1,1,1,5,2,-1.0000000000000002,Z2_holonomy
lj_rect_4x1,1,2,5,2,-1.0000000000000002,Z2_holonomy
lj_rect_4x1,1,3,5,2,-1.0000000000000002,Z2_holonomy
lj_rect_4x1,2,0,5,2,-1.0000000000000002,Z2_holonomy
lj_rect_4x1,2,1,5,2,-1.0000000000000002,Z2_holonomy
lj_rect_4x1,2,2,5,2,-1.0000000000000002,Z2_holonomy
lj_rect_4x1,2,3,5,2,-1.0000000000000002,Z2_holonomy
lj_rect_4x1,3,0,5,2,-1.0000000000000002,Z2_holonomy
lj_rect_4x1,3,1,5,2,-1.0000000000000002,Z2_holonomy
lj_rect_4x1,3,2,5,2,-1.0000000000000002,Z2_holonomy
lj_rect_4x1,3,3,5,2,-1.0000000000000002,Z2_holonomy
lj_rect_4x1,4,0,5,2,-1.0000000000000002,Z2_holonomy
lj_rect_4x1,4,1,5,2,-1.0000000000000002,Z2_holonomy
lj_rect_4x1,4,2,5,2,-1.0000000000000002,Z2_holonomy
lj_rect_4x1,4,3,5,2,-1.0000000000000002,Z2_holonomy
lj_rect_4x1,5,0,5,2,-1.0000000000000002,Z2_holonomy
lj_rect_4x1,5,1,5,2,-1.0000000000000002,Z2_holonomy
lj_rect_4x1,5,2,5,2,-1.0000000000000002,Z2_holonomy
lj_rect_4x1,5,3,5,2,-1.0000000000000002,Z2_holonomy
lj_rect_4x1,6,0,5,2,-1.0000000000000002,Z2_holonomy
lj_rect_4x1,6,1,5,2,-1.0000000000000002,Z2_holonomy
lj_rect_4x1,6,2,5,2,-1.0000000000000002,Z2_holonomy
lj_rect_4x1,6,3,5,2,-1.0000000000000002,Z2_holonomy
lj_rect_5x1,0,0,5,2,-1.0000000000000002,Z2_holonomy
lj_rect_5x1,0,1,5,2,-1.0000000000000002,Z2_holonomy
lj_rect_5x1,0,2,5,2,-1.0000000000000002,Z2_holonomy
lj_rect_5x1,1,0,5,2,-1.0000000000000002,Z2_holonomy
lj_rect_5x1,1,1,5,2,-1.0000000000000002,Z2_holonomy
lj_rect_5x1,1,2,5,2,-1.0000000000000002,Z2_holonomy
lj_rect_5x1,2,0,5,2,-1.0000000000000002,Z2_holonomy
lj_rect_5x1,2,1,5,2,-1.0000000000000002,Z2_holonomy
lj_rect_5x1,2,2,5,2,-1.0000000000000002,Z2_holonomy
lj_rect_5x1,3,0,5,2,-1.0000000000000002,Z2_holonomy
lj_rect_5x1,3,1,5,2,-1.0000000000000002,Z2_holonomy
lj_rect_5x1,3,2,5,2,-1.0000000000000002,Z2_holonomy
lj_rect_5x1,4,0,5,2,-1.0000000000000002,Z2_holonomy
lj_rect_5x1,4,1,5,2,-1.0000000000000002,Z2_holonomy
lj_rect_5x1,4,2,5,2,-1.0000000000000002,Z2_holonomy
lj_rect_5x1,5,0,5,2,-1.0000000000000002,Z2_holonomy
lj_rect_5x1,5,1,5,2,-1.0000000000000002,Z2_holonomy
lj_rect_5x1,5,2,5,2,-1.0000000000000002,Z2_holonomy
lj_rect_5x1,6,0,5,2,-1.0000000000000002,Z2_holonomy
lj_rect_5x1,6,1,5,2,-1.0000000000000002,Z2_holonomy
lj_rect_5x1,6,2,5,2,-1.0000000000000002,Z2_holonomy
lj_rect_6x1,0,0,5,2,-1.0000000000000002,Z2_holonomy
lj_rect_6x1,0,1,5,2,-1.0000000000000002,Z2_holonomy
lj_rect_6x1,1,0,5,2,-1.0000000000000002,Z2_holonomy
lj_rect_6x1,1,1,5,2,-1.0000000000000002,Z2_holonomy
lj_rect_6x1,2,0,5,2,-1.0000000000000002,Z2_holonomy
lj_rect_6x1,2,1,5,2,-1.0000000000000002,Z2_holonomy
lj_rect_6x1,3,0,5,2,-1.0000000000000002,Z2_holonomy
lj_rect_6x1,3,1,5,2,-1.0000000000000002,Z2_holonomy
lj_rect_6x1,4,0,5,2,-1.0000000000000002,Z2_holonomy
lj_rect_6x1,4,1,5,2,-1.0000000000000002,Z2_holonomy
lj_rect_6x1,5,0,5,2,-1.0000000000000002,Z2_holonomy
lj_rect_6x1,5,1,5,2,-1.0000000000000002,Z2_holonomy
lj_rect_6x1,6,0,5,2,-1.0000000000000002,Z2_holonomy
lj_rect_6x1,6,1,5,2,-1.0000000000000002,Z2_holonomy
lj_rect_7x1,0,0,5,2,-1.0000000000000002,Z2_holonomy
lj_rect_7x1,1,0,5,2,-1.0000000000000002,Z2_holonomy
lj_rect_7x1,2,0,5,2,-1.0000000000000002,Z2_holonomy
lj_rect_7x1,3,0,5,2,-1.0000000000000002,Z2_holonomy
lj_rect_7x1,4,0,5,2,-1.0000000000000002,Z2_holonomy
lj_rect_7x1,5,0,5,2,-1.0000000000000002,Z2_holonomy
lj_rect_7x1,6,0,5,2,-1.0000000000000002,Z2_holonomy
lj_rect_1x2,0,0,5,2,1.0000000000000002,trivial
lj_rect_1x2,0,1,5,2,1.0000000000000002,trivial
lj_rect_1x2,0,2,5,2,1.0000000000000002,trivial
lj_rect_1x2,0,3,5,2,1.0000000000000002,trivial
lj_rect_1x2,0,4,5,2,1.0000000000000002,trivial
lj_rect_1x2,0,5,5,2,1.0000000000000002,trivial
lj_rect_1x2,0,6,5,2,1.0000000000000002,trivial
lj_rect_1x2,1,0,5,2,1.0000000000000002,trivial
lj_rect_1x2,1,1,5,2,1.0000000000000002,trivial
lj_rect_1x2,1,2,5,2,1.0000000000000002,trivial
lj_rect_1x2,1,3,5,2,1.0000000000000002,trivial
lj_rect_1x2,1,4,5,2,1.0000000000000002,trivial
lj_rect_1x2,1,5,5,2,1.0000000000000002,trivial
lj_rect_1x2,1,6,5,2,1.0000000000000002,trivial
lj_rect_1x2,2,0,5,2,1.0000000000000002,trivial
lj_rect_1x2,2,1,5,2,1.0000000000000002,trivial
lj_rect_1x2,2,2,5,2,1.0000000000000002,trivial
lj_rect_1x2,2,3,5,2,1.0000000000000002,trivial
lj_rect_1x2,2,4,5,2,1.0000000000000002,trivial
lj_rect_1x2,2,5,5,2,1.0000000000000002,trivial
lj_rect_1x2,2,6,5,2,1.0000000000000002,trivial
lj_rect_1x2,3,0,5,2,1.0000000000000002,trivial
lj_rect_1x2,3,1,5,2,1.0000000000000002,trivial
lj_rect_1x2,3,2,5,2,1.0000000000000002,trivial
lj_rect_1x2,3,3,5,2,1.0000000000000002,trivial
lj_rect_1x2,3,4,5,2,1.0000000000000002,trivial
lj_rect_1x2,3,5,5,2,1.0000000000000002,trivial
lj_rect_1x2,3,6,5,2,1.0000000000000002,trivial
lj_rect_1x2,4,0,5,2,1.0000000000000002,trivial
lj_rect_1x2,4,1,5,2,1.0000000000000002,trivial
lj_rect_1x2,4,2,5,2,1.0000000000000002,trivial
lj_rect_1x2,4,3,5,2,1.0000000000000002,trivial
lj_rect_1x2,4,4,5,2,1.0000000000000002,trivial
lj_rect_1x2,4,5,5,2,1.0000000000000002,trivial
lj_rect_1x2,4,6,5,2,1.0000000000000002,trivial
lj_rect_1x2,5,0,5,2,1.0000000000000002,trivial
lj_rect_1x2,5,1,5,2,1.0000000000000002,trivial
lj_rect_1x2,5,2,5,2,1.0000000000000002,trivial
lj_rect_1x2,5,3,5,2,1.0000000000000002,trivial
lj_rect_1x2,5,4,5,2,1.0000000000000002,trivial
lj_rect_1x2,5,5,5,2,1.0000000000000002,trivial
lj_rect_1x2,5,6,5,2,1.0000000000000002,trivial
lj_rect_2x2,0,0,5,0,1.0000000000000002,trivial
lj_rect_2x2,0,1,5,0,1.0000000000000002,trivial
lj_rect_2x2,0,2,5,0,1.0000000000000002,trivial
lj_rect_2x2,0,3,5,0,1.0000000000000002,trivial
lj_rect_2x2,0,4,5,0,1.0000000000000002,trivial
lj_rect_2x2,0,5,5,0,1.0000000000000002,trivial
lj_rect_2x2,1,0,5,0,1.0000000000000002,trivial
lj_rect_2x2,1,1,5,0,1.0000000000000002,trivial
lj_rect_2x2,1,2,5,0,1.0000000000000002,trivial
lj_rect_2x2,1,3,5,0,1.0000000000000002,trivial
lj_rect_2x2,1,4,5,0,1.0000000000000002,trivial
lj_rect_2x2,1,5,5,0,1.0000000000000002,trivial
lj_rect_2x2,2,0,5,0,1.0000000000000002,trivial
lj_rect_2x2,2,1,5,0,1.0000000000000002,trivial
lj_rect_2x2,2,2,5,0,1.0000000000000002,trivial
lj_rect_2x2,2,3,5,0,1.0000000000000002,trivial
lj_rect_2x2,2,4,5,0,1.0000000000000002,trivial
lj_rect_2x2,2,5,5,0,1.0000000000000002,trivial
lj_rect_2x2,3,0,5,0,1.0000000000000002,trivial
lj_rect_2x2,3,1,5,0,1.0000000000000002,trivial
lj_rect_2x2,3,2,5,0,1.0000000000000002,trivial
lj_rect_2x2,3,3,5,0,1.0000000000000002,trivial
lj_rect_2x2,3,4,5,0,1.0000000000000002,trivial
lj_rect_2x2,3,5,5,0,1.0000000000000002,trivial
lj_rect_2x2,4,0,5,0,1.0000000000000002,trivial
lj_rect_2x2,4,1,5,0,1.0000000000000002,trivial
lj_rect_2x2,4,2,5,0,1.0000000000000002,trivial
lj_rect_2x2,4,3,5,0,1.0000000000000002,trivial
lj_rect_2x2,4,4,5,0,1.0000000000000002,trivial
lj_rect_2x2,4,5,5,0,1.0000000000000002,trivial
lj_rect_2x2,5,0,5,0,1.0000000000000002,trivial
lj_rect_2x2,5,1,5,0,1.0000000000000002,trivial
lj_rect_2x2,5,2,5,0,1.0000000000000002,trivial
lj_rect_2x2,5,3,5,0,1.0000000000000002,trivial
lj_rect_2x2,5,4,5,0,1.0000000000000002,trivial
lj_rect_2x2,5,5,5,0,1.0000000000000002,trivial
lj_rect_3x2,0,0,5,0,1.0000000000000002,trivial
lj_rect_3x2,0,1,5,0,1.0000000000000002,trivial
lj_rect_3x2,0,2,5,0,1.0000000000000002,trivial
lj_rect_3x2,0,3,5,0,1.0000000000000002,trivial
lj_rect_3x2,0,4,5,0,1.0000000000000002,trivial
lj_rect_3x2,1,0,5,0,1.0000000000000002,trivial
lj_rect_3x2,1,1,5,0,1.0000000000000002,trivial
lj_rect_3x2,1,2,5,0,1.0000000000000002,trivial
lj_rect_3x2,1,3,5,0,1.0000000000000002,trivial
lj_rect_3x2,1,4,5,0,1.0000000000000002,trivial
lj_rect_3x2,2,0,5,0,1.0000000000000002,trivial
lj_rect_3x2,2,1,5,0,1.0000000000000002,trivial
lj_rect_3x2,2,2,5,0,1.0000000000000002,trivial
lj_rect_3x2,2,3,5,0,1.0000000000000002,trivial
lj_rect_3x2,2,4,5,0,1.0000000000000002,trivial
lj_rect_3x2,3,0,5,0,1.0000000000000002,trivial
lj_rect_3x2,3,1,5,0,1.0000000000000002,trivial
lj_rect_3x2,3,2,5,0,1.0000000000000002,trivial
lj_rect_3x2,3,3,5,0,1.0000000000000002,trivial
lj_rect_3x2,3,4,5,0,1.0000000000000002,trivial
lj_rect_3x2,4,0,5,0,1.0000000000000002,trivial
lj_rect_3x2,4,1,5,0,1.0000000000000002,trivial
lj_rect_3x2,4,2,5,0,1.0000000000000002,trivial
lj_rect_3x2,4,3,5,0,1.0000000000000002,trivial
lj_rect_3x2,4,4,5,0,1.0000000000000002,trivial
lj_rect_3x2,5,0,5,0,1.0000000000000002,trivial
lj_rect_3x2,5,1,5,0,1.0000000000000002,trivial
lj_rect_3x2,5,2,5,0,1.0000000000000002,trivial
lj_rect_3x2,5,3,5,0,1.0000000000000002,trivial
lj_rect_3x2,5,4,5,0,1.0000000000000002,trivial
lj_rect_4x2,0,0,5,0,1.0000000000000002,trivial
lj_rect_4x2,0,1,5,0,1.0000000000000002,trivial
lj_rect_4x2,0,2,5,0,1.0000000000000002,trivial
lj_rect_4x2,0,3,5,0,1.0000000000000002,trivial
lj_rect_4x2,1,0,5,0,1.0000000000000002,trivial
lj_rect_4x2,1,1,5,0,1.0000000000000002,trivial
lj_rect_4x2,1,2,5,0,1.0000000000000002,trivial
lj_rect_4x2,1,3,5,0,1.0000000000000002,trivial
lj_rect_4x2,2,0,5,0,1.0000000000000002,trivial
lj_rect_4x2,2,1,5,0,1.0000000000000002,trivial
lj_rect_4x2,2,2,5,0,1.0000000000000002,trivial
lj_rect_4x2,2,3,5,0,1.0000000000000002,trivial
lj_rect_4x2,3,0,5,0,1.0000000000000002,trivial
lj_rect_4x2,3,1,5,0,1.0000000000000002,trivial
lj_rect_4x2,3,2,5,0,1.0000000000000002,trivial
lj_rect_4x2,3,3,5,0,1.0000000000000002,trivial
lj_rect_4x2,4,0,5,0,1.0000000000000002,trivial
lj_rect_4x2,4,1,5,0,1.0000000000000002,trivial
lj_rect_4x2,4,2,5,0,1.0000000000000002,trivial
lj_rect_4x2,4,3,5,0,1.0000000000000002,trivial
lj_rect_4x2,5,0,5,0,1.0000000000000002,trivial
lj_rect_4x2,5,1,5,0,1.0000000000000002,trivial
lj_rect_4x2,5,2,5,0,1.0000000000000002,trivial
lj_rect_4x2,5,3,5,0,1.0000000000000002,trivial
lj_rect_5x2,0,0,5,0,1.0000000000000002,trivial
lj_rect_5x2,0,1,5,0,1.0000000000000002,trivial
lj_rect_5x2,0,2,5,0,1.0000000000000002,trivial
lj_rect_5x2,1,0,5,0,1.0000000000000002,trivial
lj_rect_5x2,1,1,5,0,1.0000000000000002,trivial
lj_rect_5x2,1,2,5,0,1.0000000000000002,trivial
lj_rect_5x2,2,0,5,0,1.0000000000000002,trivial
lj_rect_5x2,2,1,5,0,1.0000000000000002,trivial
lj_rect_5x2,2,2,5,0,1.0000000000000002,trivial
lj_rect_5x2,3,0,5,0,1.0000000000000002,trivial
lj_rect_5x2,3,1,5,0,1.0000000000000002,trivial
lj_rect_5x2,3,2,5,0,1.0000000000000002,trivial
lj_rect_5x2,4,0,5,0,1.0000000000000002,trivial
lj_rect_5x2,4,1,5,0,1.0000000000000002,trivial
lj_rect_5x2,4,2,5,0,1.0000000000000002,trivial
lj_rect_5x2,5,0,5,0,1.0000000000000002,trivial
lj_rect_5x2,5,1,5,0,1.0000000000000002,trivial
lj_rect_5x2,5,2,5,0,1.0000000000000002,trivial
lj_rect_6x2,0,0,5,0,1.0000000000000002,trivial
lj_rect_6x2,0,1,5,0,1.0000000000000002,trivial
lj_rect_6x2,1,0,5,0,1.0000000000000002,trivial
lj_rect_6x2,1,1,5,0,1.0000000000000002,trivial
lj_rect_6x2,2,0,5,0,1.0000000000000002,trivial
lj_rect_6x2,2,1,5,0,1.0000000000000002,trivial
lj_rect_6x2,3,0,5,0,1.0000000000000002,trivial
lj_rect_6x2,3,1,5,0,1.0000000000000002,trivial
lj_rect_6x2,4,0,5,0,1.0000000000000002,trivial
lj_rect_6x2,4,1,5,0,1.0000000000000002,trivial
lj_rect_6x2,5,0,5,0,1.0000000000000002,trivial
lj_rect_6x2,5,1,5,0,1.0000000000000002,trivial
lj_rect_7x2,0,0,5,0,1.0000000000000002,trivial
lj_rect_7x2,1,0,5,0,1.0000000000000002,trivial
lj_rect_7x2,2,0,5,0,1.0000000000000002,trivial
lj_rect_7x2,3,0,5,0,1.0000000000000002,trivial
lj_rect_7x2,4,0,5,0,1.0000000000000002,trivial
lj_rect_7x2,5,0,5,0,1.0000000000000002,trivial
lj_rect_1x3,0,0,5,2,1.0000000000000002,trivial
lj_rect_1x3,0,1,5,2,1.0000000000000002,trivial
lj_rect_1x3,0,2,5,2,1.0000000000000002,trivial
lj_rect_1x3,0,3,5,2,1.0000000000000002,trivial
lj_rect_1x3,0,4,5,2,1.0000000000000002,trivial
lj_rect_1x3,0,5,5,2,1.0000000000000002,trivial
lj_rect_1x3,0,6,5,2,1.0000000000000002,trivial
lj_rect_1x3,1,0,5,2,1.0000000000000002,trivial
lj_rect_1x3,1,1,5,2,1.0000000000000002,trivial
lj_rect_1x3,1,2,5,2,1.0000000000000002,trivial
lj_rect_1x3,1,3,5,2,1.0000000000000002,trivial
lj_rect_1x3,1,4,5,2,1.0000000000000002,trivial
lj_rect_1x3,1,5,5,2,1.0000000000000002,trivial
lj_rect_1x3,1,6,5,2,1.0000000000000002,trivial
lj_rect_1x3,2,0,5,2,1.0000000000000002,trivial
lj_rect_1x3,2,1,5,2,1.0000000000000002,trivial
lj_rect_1x3,2,2,5,2,1.0000000000000002,trivial
lj_rect_1x3,2,3,5,2,1.0000000000000002,trivial
lj_rect_1x3,2,4,5,2,1.0000000000000002,trivial
lj_rect_1x3,2,5,5,2,1.0000000000000002,trivial
lj_rect_1x3,2,6,5,2,1.0000000000000002,trivial
lj_rect_1x3,3,0,5,2,1.0000000000000002,trivial
lj_rect_1x3,3,1,5,2,1.0000000000000002,trivial
lj_rect_1x3,3,2,5,2,1.0000000000000002,trivial
lj_rect_1x3,3,3,5,2,1.0000000000000002,trivial
lj_rect_1x3,3,4,5,2,1.0000000000000002,trivial
lj_rect_1x3,3,5,5,2,1.0000000000000002,trivial
lj_rect_1x3,3,6,5,2,1.0000000000000002,trivial
lj_rect_1x3,4,0,5,2,1.0000000000000002,trivial
lj_rect_1x3,4,1,5,2,1.0000000000000002,trivial
lj_rect_1x3,4,2,5,2,1.0000000000000002,trivial
lj_rect_1x3,4,3,5,2,1.0000000000000002,trivial
lj_rect_1x3,4,4,5,2,1.0000000000000002,trivial
lj_rect_1x3,4,5,5,2,1.0000000000000002,trivial
lj_rect_1x3,4,6,5,2,1.0000000000000002,trivial
lj_rect_2x3,0,0,5,0,1.0000000000000002,trivial
lj_rect_2x3,0,1,5,0,1.0000000000000002,trivial
lj_rect_2x3,0,2,5,0,1.0000000000000002,trivial
lj_rect_2x3,0,3,5,0,1.0000000000000002,trivial
lj_rect_2x3,0,4,5,0,1.0000000000000002,trivial
lj_rect_2x3,0,5,5,0,1.0000000000000002,trivial
lj_rect_2x3,1,0,5,0,1.0000000000000002,trivial
lj_rect_2x3,1,1,5,0,1.0000000000000002,trivial
lj_rect_2x3,1,2,5,0,1.0000000000000002,trivial
lj_rect_2x3,1,3,5,0,1.0000000000000002,trivial
lj_rect_2x3,1,4,5,0,1.0000000000000002,trivial
lj_rect_2x3,1,5,5,0,1.0000000000000002,trivial
lj_rect_2x3,2,0,5,0,1.0000000000000002,trivial
lj_rect_2x3,2,1,5,0,1.0000000000000002,trivial
lj_rect_2x3,2,2,5,0,1.0000000000000002,trivial
lj_rect_2x3,2,3,5,0,1.0000000000000002,trivial
lj_rect_2x3,2,4,5,0,1.0000000000000002,trivial
lj_rect_2x3,2,5,5,0,1.0000000000000002,trivial
lj_rect_2x3,3,0,5,0,1.0000000000000002,trivial
lj_rect_2x3,3,1,5,0,1.0000000000000002,trivial
lj_rect_2x3,3,2,5,0,1.0000000000000002,trivial
lj_rect_2x3,3,3,5,0,1.0000000000000002,trivial
lj_rect_2x3,3,4,5,0,1.0000000000000002,trivial
lj_rect_2x3,3,5,5,0,1.0000000000000002,trivial
lj_rect_2x3,4,0,5,0,1.0000000000000002,trivial
lj_rect_2x3,4,1,5,0,1.0000000000000002,trivial
lj_rect_2x3,4,2,5,0,1.0000000000000002,trivial
lj_rect_2x3,4,3,5,0,1.0000000000000002,trivial
lj_rect_2x3,4,4,5,0,1.0000000000000002,trivial
lj_rect_2x3,4,5,5,0,1.0000000000000002,trivial
lj_rect_3x3,0,0,5,0,1.0000000000000002,trivial
lj_rect_3x3,0,1,5,0,1.0000000000000002,trivial
lj_rect_3x3,0,2,5,0,1.0000000000000002,trivial
lj_rect_3x3,0,3,5,0,1.0000000000000002,trivial
lj_rect_3x3,0,4,5,0,1.0000000000000002,trivial
lj_rect_3x3,1,0,5,0,1.0000000000000002,trivial
lj_rect_3x3,1,1,5,0,1.0000000000000002,trivial
lj_rect_3x3,1,2,5,0,1.0000000000000002,trivial
lj_rect_3x3,1,3,5,0,1.0000000000000002,trivial
lj_rect_3x3,1,4,5,0,1.0000000000000002,trivial
lj_rect_3x3,2,0,5,0,1.0000000000000002,trivial
lj_rect_3x3,2,1,5,0,1.0000000000000002,trivial
lj_rect_3x3,2,2,5,0,1.0000000000000002,trivial
lj_rect_3x3,2,3,5,0,1.0000000000000002,trivial
lj_rect_3x3,2,4,5,0,1.0000000000000002,trivial
lj_rect_3x3,3,0,5,0,1.0000000000000002,trivial
lj_rect_3x3,3,1,5,0,1.0000000000000002,trivial
lj_rect_3x3,3,2,5,0,1.0000000000000002,trivial
lj_rect_3x3,3,3,5,0,1.0000000000000002,trivial
lj_rect_3x3,3,4,5,0,1.0000000000000002,trivial
lj_rect_3x3,4,0,5,0,1.0000000000000002,trivial
lj_rect_3x3,4,1,5,0,1.0000000000000002,trivial
lj_rect_3x3,4,2,5,0,1.0000000000000002,trivial
lj_rect_3x3,4,3,5,0,1.0000000000000002,trivial
lj_rect_3x3,4,4,5,0,1.0000000000000002,trivial
lj_rect_4x3,0,0,5,0,1.0000000000000002,trivial
lj_rect_4x3,0,1,5,0,1.0000000000000002,trivial
lj_rect_4x3,0,2,5,0,1.0000000000000002,trivial
lj_rect_4x3,0,3,5,0,1.0000000000000002,trivial
lj_rect_4x3,1,0,5,0,1.0000000000000002,trivial
lj_rect_4x3,1,1,5,0,1.0000000000000002,trivial
lj_rect_4x3,1,2,5,0,1.0000000000000002,trivial
lj_rect_4x3,1,3,5,0,1.0000000000000002,trivial
lj_rect_4x3,2,0,5,0,1.0000000000000002,trivial
lj_rect_4x3,2,1,5,0,1.0000000000000002,trivial
lj_rect_4x3,2,2,5,0,1.0000000000000002,trivial
lj_rect_4x3,2,3,5,0,1.0000000000000002,trivial
lj_rect_4x3,3,0,5,0,1.0000000000000002,trivial
lj_rect_4x3,3,1,5,0,1.0000000000000002,trivial
lj_rect_4x3,3,2,5,0,1.0000000000000002,trivial
lj_rect_4x3,3,3,5,0,1.0000000000000002,trivial
lj_rect_4x3,4,0,5,0,1.0000000000000002,trivial
lj_rect_4x3,4,1,5,0,1.0000000000000002,trivial
lj_rect_4x3,4,2,5,0,1.0000000000000002,trivial
lj_rect_4x3,4,3,5,0,1.0000000000000002,trivial
lj_rect_5x3,0,0,5,0,1.0000000000000002,trivial
lj_rect_5x3,0,1,5,0,1.0000000000000002,trivial
lj_rect_5x3,0,2,5,0,1.0000000000000002,trivial
lj_rect_5x3,1,0,5,0,1.0000000000000002,trivial
lj_rect_5x3,1,1,5,0,1.0000000000000002,trivial
lj_rect_5x3,1,2,5,0,1.0000000000000002,trivial
lj_rect_5x3,2,0,5,0,1.0000000000000002,trivial
lj_rect_5x3,2,1,5,0,1.0000000000000002,trivial
lj_rect_5x3,2,2,5,0,1.0000000000000002,trivial
lj_rect_5x3,3,0,5,0,1.0000000000000002,trivial
lj_rect_5x3,3,1,5,0,1.0000000000000002,trivial
lj_rect_5x3,3,2,5,0,1.0000000000000002,trivial
lj_rect_5x3,4,0,5,0,1.0000000000000002,trivial
lj_rect_5x3,4,1,5,0,1.0000000000000002,trivial
lj_rect_5x3,4,2,5,0,1.0000000000000002,trivial
lj_rect_6x3,0,0,5,0,1.0000000000000002,trivial
lj_rect_6x3,0,1,5,0,1.0000000000000002,trivial
lj_rect_6x3,1,0,5,0,1.0000000000000002,trivial
lj_rect_6x3,1,1,5,0,1.0000000000000002,trivial
lj_rect_6x3,2,0,5,0,1.0000000000000002,trivial
lj_rect_6x3,2,1,5,0,1.0000000000000002,trivial
lj_rect_6x3,3,0,5,0,1.0000000000000002,trivial
lj_rect_6x3,3,1,5,0,1.0000000000000002,trivial
lj_rect_6x3,4,0,5,0,1.0000000000000002,trivial
lj_rect_6x3,4,1,5,0,1.0000000000000002,trivial
lj_rect_7x3,0,0,5,0,1.0000000000000002,trivial
lj_rect_7x3,1,0,5,0,1.0000000000000002,trivial
lj_rect_7x3,2,0,5,0,1.0000000000000002,trivial
lj_rect_7x3,3,0,5,0,1.0000000000000002,trivial
lj_rect_7x3,4,0,5,0,1.0000000000000002,trivial
lj_rect_1x4,0,0,5,2,1.0000000000000002,trivial
lj_rect_1x4,0,1,5,2,1.0000000000000002,trivial
lj_rect_1x4,0,2,5,2,1.0000000000000002,trivial
lj_rect_1x4,0,3,5,2,1.0000000000000002,trivial
lj_rect_1x4,0,4,5,2,1.0000000000000002,trivial
lj_rect_1x4,0,5,5,2,1.0000000000000002,trivial
lj_rect_1x4,0,6,5,2,1.0000000000000002,trivial
lj_rect_1x4,1,0,5,2,1.0000000000000002,trivial
lj_rect_1x4,1,1,5,2,1.0000000000000002,trivial
lj_rect_1x4,1,2,5,2,1.0000000000000002,trivial
lj_rect_1x4,1,3,5,2,1.0000000000000002,trivial
lj_rect_1x4,1,4,5,2,1.0000000000000002,trivial
lj_rect_1x4,1,5,5,2,1.0000000000000002,trivial
lj_rect_1x4,1,6,5,2,1.0000000000000002,trivial
lj_rect_1x4,2,0,5,2,1.0000000000000002,trivial
lj_rect_1x4,2,1,5,2,1.0000000000000002,trivial
lj_rect_1x4,2,2,5,2,1.0000000000000002,trivial
lj_rect_1x4,2,3,5,2,1.0000000000000002,trivial
lj_rect_1x4,2,4,5,2,1.0000000000000002,trivial
lj_rect_1x4,2,5,5,2,1.0000000000000002,trivial
lj_rect_1x4,2,6,5,2,1.0000000000000002,trivial
lj_rect_1x4,3,0,5,2,1.0000000000000002,trivial
lj_rect_1x4,3,1,5,2,1.0000000000000002,trivial
lj_rect_1x4,3,2,5,2,1.0000000000000002,trivial
lj_rect_1x4,3,3,5,2,1.0000000000000002,trivial
lj_rect_1x4,3,4,5,2,1.0000000000000002,trivial
lj_rect_1x4,3,5,5,2,1.0000000000000002,trivial
lj_rect_1x4,3,6,5,2,1.0000000000000002,trivial
lj_rect_2x4,0,0,5,0,1.0000000000000002,trivial
lj_rect_2x4,0,1,5,0,1.0000000000000002,trivial
lj_rect_2x4,0,2,5,0,1.0000000000000002,trivial
lj_rect_2x4,0,3,5,0,1.0000000000000002,trivial
lj_rect_2x4,0,4,5,0,1.0000000000000002,trivial
lj_rect_2x4,0,5,5,0,1.0000000000000002,trivial
lj_rect_2x4,1,0,5,0,1.0000000000000002,trivial
lj_rect_2x4,1,1,5,0,1.0000000000000002,trivial
lj_rect_2x4,1,2,5,0,1.0000000000000002,trivial
lj_rect_2x4,1,3,5,0,1.0000000000000002,trivial
lj_rect_2x4,1,4,5,0,1.0000000000000002,trivial
lj_rect_2x4,1,5,5,0,1.0000000000000002,trivial
lj_rect_2x4,2,0,5,0,1.0000000000000002,trivial
lj_rect_2x4,2,1,5,0,1.0000000000000002,trivial
lj_rect_2x4,2,2,5,0,1.0000000000000002,trivial
lj_rect_2x4,2,3,5,0,1.0000000000000002,trivial
lj_rect_2x4,2,4,5,0,1.0000000000000002,trivial
lj_rect_2x4,2,5,5,0,1.0000000000000002,trivial
lj_rect_2x4,3,0,5,0,1.0000000000000002,trivial
lj_rect_2x4,3,1,5,0,1.0000000000000002,trivial
lj_rect_2x4,3,2,5,0,1.0000000000000002,trivial
lj_rect_2x4,3,3,5,0,1.0000000000000002,trivial
lj_rect_2x4,3,4,5,0,1.0000000000000002,trivial
lj_rect_2x4,3,5,5,0,1.0000000000000002,trivial
lj_rect_3x4,0,0,5,0,1.0000000000000002,trivial
lj_rect_3x4,0,1,5,0,1.0000000000000002,trivial
lj_rect_3x4,0,2,5,0,1.0000000000000002,trivial
lj_rect_3x4,0,3,5,0,1.0000000000000002,trivial
lj_rect_3x4,0,4,5,0,1.0000000000000002,trivial
lj_rect_3x4,1,0,5,0,1.0000000000000002,trivial
lj_rect_3x4,1,1,5,0,1.0000000000000002,trivial
lj_rect_3x4,1,2,5,0,1.0000000000000002,trivial
lj_rect_3x4,1,3,5,0,1.0000000000000002,trivial
lj_rect_3x4,1,4,5,0,1.0000000000000002,trivial
lj_rect_3x4,2,0,5,0,1.0000000000000002,trivial
lj_rect_3x4,2,1,5,0,1.0000000000000002,trivial
lj_rect_3x4,2,2,5,0,1.0000000000000002,trivial
lj_rect_3x4,2,3,5,0,1.0000000000000002,trivial
lj_rect_3x4,2,4,5,0,1.0000000000000002,trivial
lj_rect_3x4,3,0,5,0,1.0000000000000002,trivial
lj_rect_3x4,3,1,5,0,1.0000000000000002,trivial
lj_rect_3x4,3,2,5,0,1.0000000000000002,trivial
lj_rect_3x4,3,3,5,0,1.0000000000000002,trivial
lj_rect_3x4,3,4,5,0,1.0000000000000002,trivial
lj_rect_4x4,0,0,5,0,1.0000000000000002,trivial
lj_rect_4x4,0,1,5,0,1.0000000000000002,trivial
lj_rect_4x4,0,2,5,0,1.0000000000000002,trivial
lj_rect_4x4,0,3,5,0,1.0000000000000002,trivial
lj_rect_4x4,1,0,5,0,1.0000000000000002,trivial
lj_rect_4x4,1,1,5,0,1.0000000000000002,trivial
lj_rect_4x4,1,2,5,0,1.0000000000000002,trivial
lj_rect_4x4,1,3,5,0,1.0000000000000002,trivial
lj_rect_4x4,2,0,5,0,1.0000000000000002,trivial
lj_rect_4x4,2,1,5,0,1.0000000000000002,trivial
lj_rect_4x4,2,2,5,0,1.0000000000000002,trivial
lj_rect_4x4,2,3,5,0,1.0000000000000002,trivial
lj_rect_4x4,3,0,5,0,1.0000000000000002,trivial
lj_rect_4x4,3,1,5,0,1.0000000000000002,trivial
lj_rect_4x4,3,2,5,0,1.0000000000000002,trivial
lj_rect_4x4,3,3,5,0,1.0000000000000002,trivial
lj_rect_5x4,0,0,5,0,1.0000000000000002,trivial
lj_rect_5x4,0,1,5,0,1.0000000000000002,trivial
lj_rect_5x4,0,2,5,0,1.0000000000000002,trivial
lj_rect_5x4,1,0,5,0,1.0000000000000002,trivial
lj_rect_5x4,1,1,5,0,1.0000000000000002,trivial
lj_rect_5x4,1,2,5,0,1.0000000000000002,trivial
lj_rect_5x4,2,0,5,0,1.0000000000000002,trivial
lj_rect_5x4,2,1,5,0,1.0000000000000002,trivial
lj_rect_5x4,2,2,5,0,1.0000000000000002,trivial
lj_rect_5x4,3,0,5,0,1.0000000000000002,trivial
lj_rect_5x4,3,1,5,0,1.0000000000000002,trivial
lj_rect_5x4,3,2,5,0,1.0000000000000002,trivial
lj_rect_6x4,0,0,5,0,1.0000000000000002,trivial
lj_rect_6x4,0,1,5,0,1.0000000000000002,trivial
lj_rect_6x4,1,0,5,0,1.0000000000000002,trivial
lj_rect_6x4,1,1,5,0,1.0000000000000002,trivial
lj_rect_6x4,2,0,5,0,1.0000000000000002,trivial
lj_rect_6x4,2,1,5,0,1.0000000000000002,trivial
lj_rect_6x4,3,0,5,0,1.0000000000000002,trivial
lj_rect_6x4,3,1,5,0,1.0000000000000002,trivial
lj_rect_7x4,0,0,5,0,1.0000000000000002,trivial
lj_rect_7x4,1,0,5,0,1.0000000000000002,trivial
lj_rect_7x4,2,0,5,0,1.0000000000000002,trivial
lj_rect_7x4,3,0,5,0,1.0000000000000002,trivial
lj_rect_1x5,0,0,5,2,1.0000000000000002,trivial
lj_rect_1x5,0,1,5,2,1.0000000000000002,trivial
lj_rect_1x5,0,2,5,2,1.0000000000000002,trivial
lj_rect_1x5,0,3,5,2,1.0000000000000002,trivial
lj_rect_1x5,0,4,5,2,1.0000000000000002,trivial
lj_rect_1x5,0,5,5,2,1.0000000000000002,trivial
lj_rect_1x5,0,6,5,2,1.0000000000000002,trivial
lj_rect_1x5,1,0,5,2,1.0000000000000002,trivial
lj_rect_1x5,1,1,5,2,1.0000000000000002,trivial
lj_rect_1x5,1,2,5,2,1.0000000000000002,trivial
lj_rect_1x5,1,3,5,2,1.0000000000000002,trivial
lj_rect_1x5,1,4,5,2,1.0000000000000002,trivial
lj_rect_1x5,1,5,5,2,1.0000000000000002,trivial
lj_rect_1x5,1,6,5,2,1.0000000000000002,trivial
lj_rect_1x5,2,0,5,2,1.0000000000000002,trivial
lj_rect_1x5,2,1,5,2,1.0000000000000002,trivial
lj_rect_1x5,2,2,5,2,1.0000000000000002,trivial
lj_rect_1x5,2,3,5,2,1.0000000000000002,trivial
lj_rect_1x5,2,4,5,2,1.0000000000000002,trivial
lj_rect_1x5,2,5,5,2,1.0000000000000002,trivial
lj_rect_1x5,2,6,5,2,1.0000000000000002,trivial
lj_rect_2x5,0,0,5,0,1.0000000000000002,trivial
lj_rect_2x5,0,1,5,0,1.0000000000000002,trivial
lj_rect_2x5,0,2,5,0,1.0000000000000002,trivial
lj_rect_2x5,0,3,5,0,1.0000000000000002,trivial
lj_rect_2x5,0,4,5,0,1.0000000000000002,trivial
lj_rect_2x5,0,5,5,0,1.0000000000000002,trivial
lj_rect_2x5,1,0,5,0,1.0000000000000002,trivial
lj_rect_2x5,1,1,5,0,1.0000000000000002,trivial
lj_rect_2x5,1,2,5,0,1.0000000000000002,trivial
lj_rect_2x5,1,3,5,0,1.0000000000000002,trivial
lj_rect_2x5,1,4,5,0,1.0000000000000002,trivial
lj_rect_2x5,1,5,5,0,1.0000000000000002,trivial
lj_rect_2x5,2,0,5,0,1.0000000000000002,trivial
lj_rect_2x5,2,1,5,0,1.0000000000000002,trivial
lj_rect_2x5,2,2,5,0,1.0000000000000002,trivial
lj_rect_2x5,2,3,5,0,1.0000000000000002,trivial
lj_rect_2x5,2,4,5,0,1.0000000000000002,trivial
lj_rect_2x5,2,5,5,0,1.0000000000000002,trivial
lj_rect_3x5,0,0,5,0,1.0000000000000002,trivial
lj_rect_3x5,0,1,5,0,1.0000000000000002,trivial
lj_rect_3x5,0,2,5,0,1.0000000000000002,trivial
lj_rect_3x5,0,3,5,0,1.0000000000000002,trivial
lj_rect_3x5,0,4,5,0,1.0000000000000002,trivial
lj_rect_3x5,1,0,5,0,1.0000000000000002,trivial
lj_rect_3x5,1,1,5,0,1.0000000000000002,trivial
lj_rect_3x5,1,2,5,0,1.0000000000000002,trivial
lj_rect_3x5,1,3,5,0,1.0000000000000002,trivial
lj_rect_3x5,1,4,5,0,1.0000000000000002,trivial
lj_rect_3x5,2,0,5,0,1.0000000000000002,trivial
lj_rect_3x5,2,1,5,0,1.0000000000000002,trivial
lj_rect_3x5,2,2,5,0,1.0000000000000002,trivial
lj_rect_3x5,2,3,5,0,1.0000000000000002,trivial
lj_rect_3x5,2,4,5,0,1.0000000000000002,trivial
lj_rect_4x5,0,0,5,0,1.0000000000000002,trivial
lj_rect_4x5,0,1,5,0,1.0000000000000002,trivial
lj_rect_4x5,0,2,5,0,1.0000000000000002,trivial
lj_rect_4x5,0,3,5,0,1.0000000000000002,trivial
lj_rect_4x5,1,0,5,0,1.0000000000000002,trivial
lj_rect_4x5,1,1,5,0,1.0000000000000002,trivial
lj_rect_4x5,1,2,5,0,1.0000000000000002,trivial
lj_rect_4x5,1,3,5,0,1.0000000000000002,trivial
lj_rect_4x5,2,0,5,0,1.0000000000000002,trivial
lj_rect_4x5,2,1,5,0,1.0000000000000002,trivial
lj_rect_4x5,2,2,5,0,1.0000000000000002,trivial
lj_rect_4x5,2,3,5,0,1.0000000000000002,trivial
lj_rect_5x5,0,0,5,0,1.0000000000000002,trivial
lj_rect_5x5,0,1,5,0,1.0000000000000002,trivial
lj_rect_5x5,0,2,5,0,1.0000000000000002,trivial
lj_rect_5x5,1,0,5,0,1.0000000000000002,trivial
lj_rect_5x5,1,1,5,0,1.0000000000000002,trivial
lj_rect_5x5,1,2,5,0,1.0000000000000002,trivial
lj_rect_5x5,2,0,5,0,1.0000000000000002,trivial
lj_rect_5x5,2,1,5,0,1.0000000000000002,trivial
lj_rect_5x5,2,2,5,0,1.0000000000000002,trivial
lj_rect_6x5,0,0,5,0,1.0000000000000002,trivial
lj_rect_6x5,0,1,5,0,1.0000000000000002,trivial
lj_rect_6x5,1,0,5,0,1.0000000000000002,trivial
lj_rect_6x5,1,1,5,0,1.0000000000000002,trivial
lj_rect_6x5,2,0,5,0,1.0000000000000002,trivial
lj_rect_6x5,2,1,5,0,1.0000000000000002,trivial
lj_rect_7x5,0,0,5,0,1.0000000000000002,trivial
lj_rect_7x5,1,0,5,0,1.0000000000000002,trivial
lj_rect_7x5,2,0,5,0,1.0000000000000002,trivial
lj_rect_1x6,0,0,5,2,1.0000000000000002,trivial
lj_rect_1x6,0,1,5,2,1.0000000000000002,trivial
lj_rect_1x6,0,2,5,2,1.0000000000000002,trivial
lj_rect_1x6,0,3,5,2,1.0000000000000002,trivial
lj_rect_1x6,0,4,5,2,1.0000000000000002,trivial
lj_rect_1x6,0,5,5,2,1.0000000000000002,trivial
lj_rect_1x6,0,6,5,2,1.0000000000000002,trivial
lj_rect_1x6,1,0,5,2,1.0000000000000002,trivial
lj_rect_1x6,1,1,5,2,1.0000000000000002,trivial
lj_rect_1x6,1,2,5,2,1.0000000000000002,trivial
lj_rect_1x6,1,3,5,2,1.0000000000000002,trivial
lj_rect_1x6,1,4,5,2,1.0000000000000002,trivial
lj_rect_1x6,1,5,5,2,1.0000000000000002,trivial
lj_rect_1x6,1,6,5,2,1.0000000000000002,trivial
lj_rect_2x6,0,0,5,0,1.0000000000000002,trivial
lj_rect_2x6,0,1,5,0,1.0000000000000002,trivial
lj_rect_2x6,0,2,5,0,1.0000000000000002,trivial
lj_rect_2x6,0,3,5,0,1.0000000000000002,trivial
lj_rect_2x6,0,4,5,0,1.0000000000000002,trivial
lj_rect_2x6,0,5,5,0,1.0000000000000002,trivial
lj_rect_2x6,1,0,5,0,1.0000000000000002,trivial
lj_rect_2x6,1,1,5,0,1.0000000000000002,trivial
lj_rect_2x6,1,2,5,0,1.0000000000000002,trivial
lj_rect_2x6,1,3,5,0,1.0000000000000002,trivial
lj_rect_2x6,1,4,5,0,1.0000000000000002,trivial
lj_rect_2x6,1,5,5,0,1.0000000000000002,trivial
lj_rect_3x6,0,0,5,0,1.0000000000000002,trivial
lj_rect_3x6,0,1,5,0,1.0000000000000002,trivial
lj_rect_3x6,0,2,5,0,1.0000000000000002,trivial
lj_rect_3x6,0,3,5,0,1.0000000000000002,trivial
lj_rect_3x6,0,4,5,0,1.0000000000000002,trivial
lj_rect_3x6,1,0,5,0,1.0000000000000002,trivial
lj_rect_3x6,1,1,5,0,1.0000000000000002,trivial
lj_rect_3x6,1,2,5,0,1.0000000000000002,trivial
lj_rect_3x6,1,3,5,0,1.0000000000000002,trivial
lj_rect_3x6,1,4,5,0,1.0000000000000002,trivial
lj_rect_4x6,0,0,5,0,1.0000000000000002,trivial
lj_rect_4x6,0,1,5,0,1.0000000000000002,trivial
lj_rect_4x6,0,2,5,0,1.0000000000000002,trivial
lj_rect_4x6,0,3,5,0,1.0000000000000002,trivial
lj_rect_4x6,1,0,5,0,1.0000000000000002,trivial
lj_rect_4x6,1,1,5,0,1.0000000000000002,trivial
lj_rect_4x6,1,2,5,0,1.0000000000000002,trivial
lj_rect_4x6,1,3,5,0,1.0000000000000002,trivial
lj_rect_5x6,0,0,5,0,1.0000000000000002,trivial
lj_rect_5x6,0,1,5,0,1.0000000000000002,trivial
lj_rect_5x6,0,2,5,0,1.0000000000000002,trivial
lj_rect_5x6,1,0,5,0,1.0000000000000002,trivial
lj_rect_5x6,1,1,5,0,1.0000000000000002,trivial
lj_rect_5x6,1,2,5,0,1.0000000000000002,trivial
lj_rect_6x6,0,0,5,0,1.0000000000000002,trivial
lj_rect_6x6,0,1,5,0,1.0000000000000002,trivial
lj_rect_6x6,1,0,5,0,1.0000000000000002,trivial
lj_rect_6x6,1,1,5,0,1.0000000000000002,trivial
lj_rect_7x6,0,0,5,0,1.0000000000000002,trivial
lj_rect_7x6,1,0,5,0,1.0000000000000002,trivial
lj_rect_1x7,0,0,5,2,1.0000000000000002,trivial
lj_rect_1x7,0,1,5,2,1.0000000000000002,trivial
lj_rect_1x7,0,2,5,2,1.0000000000000002,trivial
lj_rect_1x7,0,3,5,2,1.0000000000000002,trivial
lj_rect_1x7,0,4,5,2,1.0000000000000002,trivial
lj_rect_1x7,0,5,5,2,1.0000000000000002,trivial
lj_rect_1x7,0,6,5,2,1.0000000000000002,trivial
lj_rect_2x7,0,0,5,0,1.0000000000000002,trivial
lj_rect_2x7,0,1,5,0,1.0000000000000002,trivial
lj_rect_2x7,0,2,5,0,1.0000000000000002,trivial
lj_rect_2x7,0,3,5,0,1.0000000000000002,trivial
lj_rect_2x7,0,4,5,0,1.0000000000000002,trivial
lj_rect_2x7,0,5,5,0,1.0000000000000002,trivial
lj_rect_3x7,0,0,5,0,1.0000000000000002,trivial
lj_rect_3x7,0,1,5,0,1.0000000000000002,trivial
lj_rect_3x7,0,2,5,0,1.0000000000000002,trivial
lj_rect_3x7,0,3,5,0,1.0000000000000002,trivial
lj_rect_3x7,0,4,5,0,1.0000000000000002,trivial
lj_rect_4x7,0,0,5,0,1.0000000000000002,trivial
lj_rect_4x7,0,1,5,0,1.0000000000000002,trivial
lj_rect_4x7,0,2,5,0,1.0000000000000002,trivial
lj_rect_4x7,0,3,5,0,1.0000000000000002,trivial
lj_rect_5x7,0,0,5,0,1.0000000000000002,trivial
lj_rect_5x7,0,1,5,0,1.0000000000000002,trivial
lj_rect_5x7,0,2,5,0,1.0000000000000002,trivial
lj_rect_6x7,0,0,5,0,1.0000000000000002,trivial
lj_rect_6x7,0,1,5,0,1.0000000000000002,trivial
lj_rect_7x7,0,0,5,0,1.0000000000000002,trivial
