game,ply,side_to_move,n_empties,disc_diff_black_white,a1_minus_energy,edax_score_shallow,edax_score_deep,depth_gap
0,0,1,60,0,0.0,-4,-1,3
0,1,-1,59,3,1.1249999999999998,4,-1,5
0,2,1,58,0,0.0,-2,0,2
0,3,-1,57,3,1.2500000000000002,5,0,5
0,4,1,56,0,0.37499999999999994,-1,-1,0
0,5,-1,55,3,1.2500000000000002,3,0,3
0,6,1,54,0,0.37499999999999994,1,-1,2
0,7,-1,53,3,2.125,2,0,2
0,8,1,52,0,0.37499999999999994,-1,-2,1
0,9,-1,51,3,1.2500000000000002,1,1,0
0,10,1,50,-2,0.875,0,-2,2
0,11,-1,49,3,0.7499999999999999,3,1,2
0,12,1,48,0,0.37499999999999994,0,-2,2
0,13,-1,47,3,1.0,3,1,2
0,14,1,46,0,1.375,-2,-3,1
0,15,-1,45,7,3.5,1,1,0
0,16,1,44,4,2.3749999999999996,-1,-2,1
0,17,-1,43,7,3.2499999999999996,4,1,3
0,18,1,42,4,3.375,-1,0,1
0,19,-1,41,7,4.0,1,-3,4
0,20,1,40,0,3.1250000000000004,4,1,3
0,21,-1,39,5,1.7500000000000002,6,-1,7
0,22,1,38,0,1.875,2,-1,3
0,23,-1,37,9,2.9999999999999996,13,-1,14
0,24,1,36,4,0.875,-2,-3,1
0,25,-1,35,7,1.7500000000000002,3,-1,4
0,26,1,34,4,1.375,7,-1,8
0,27,-1,33,7,1.2500000000000002,1,-1,2
0,28,1,32,4,0.875,5,-1,6
0,29,-1,31,9,5.25,1,-1,2
0,30,1,30,2,1.1249999999999998,5,0,5
0,31,-1,29,7,1.4999999999999998,7,4,3
0,32,1,28,4,1.875,-1,0,1
0,33,-1,27,9,2.5000000000000004,6,4,2
0,34,1,26,2,2.625,0,2,2
0,35,-1,25,7,4.499999999999999,3,-2,5
0,36,1,24,4,5.375,-2,4,6
0,37,-1,23,7,4.499999999999999,4,4,0
0,38,1,22,4,5.375,-5,-2,3
0,39,-1,21,13,9.499999999999998,10,2,8
0,40,1,20,10,7.375,-4,-2,2
0,41,-1,19,13,6.499999999999999,3,2,1
0,42,1,18,2,4.125000000000001,2,-2,4
0,43,-1,17,7,5.875000000000001,-1,2,3
0,44,1,16,0,4.750000000000001,7,10,3
0,45,-1,15,5,5.125000000000001,-3,-10,7
0,46,1,14,0,3.375,2,10,8
0,47,-1,13,3,2.0000000000000004,-2,-10,8
0,48,1,12,-6,5.375,8,10,2
0,49,-1,11,3,5.749999999999999,-6,-10,4
0,50,1,10,-4,2.875,5,10,5
0,51,-1,9,-1,2.75,1,-10,11
0,52,1,8,-4,2.5000000000000004,0,10,10
0,53,-1,7,3,3.6250000000000004,5,-10,15
0,54,1,6,-10,8.375,4,10,6
0,55,-1,5,-5,8.75,-11,-10,1
0,56,1,4,-10,13.5,11,10,1
0,57,-1,3,5,13.75,-15,-10,5
0,58,1,2,-2,22.0,10,10,0
0,59,-1,1,3,20.25,-10,-10,0
0,60,1,1,3,20.25,10,10,0
0,61,-1,0,10,25.999999999999996,-10,-10,0
1,0,1,60,0,0.0,-4,-1,3
1,1,-1,59,3,1.1249999999999998,4,-1,5
1,2,1,58,0,0.0,-2,0,2
1,3,-1,57,3,1.1249999999999998,5,1,4
1,4,1,56,-2,1.0,-3,-1,2
1,5,-1,55,1,0.12500000000000003,6,1,5
1,6,1,54,-2,1.375,-4,-2,2
1,7,-1,53,1,0.7499999999999999,5,1,4
1,8,1,52,-2,2.5000000000000004,-3,0,3
1,9,-1,51,3,3.1250000000000004,1,-1,2
1,10,1,50,-2,3.375,0,0,0
1,11,-1,49,1,3.5,0,-3,3
1,12,1,48,-4,2.625,1,1,0
1,13,-1,47,-1,1.0,-1,-1,0
1,14,1,46,-4,0.6250000000000001,0,-1,1
1,15,-1,45,1,1.7500000000000002,1,-2,3
1,16,1,44,-2,4.125000000000001,0,-1,1
1,17,-1,43,3,8.5,1,-2,3
1,18,1,42,-2,5.125000000000001,-1,-1,0
1,19,-1,41,3,3.5,1,-2,3
1,20,1,40,-4,1.1249999999999998,0,1,1
1,21,-1,39,3,2.75,4,-3,7
1,22,1,38,0,1.875,-3,1,4
1,23,-1,37,7,5.749999999999999,3,-3,6
1,24,1,36,4,4.499999999999999,0,2,2
1,25,-1,35,7,5.375,2,-4,6
1,26,1,34,4,6.25,2,1,1
1,27,-1,33,7,6.875,5,-4,9
1,28,1,32,4,8.000000000000002,0,3,3
1,29,-1,31,9,13.375,1,-4,5
1,30,1,30,4,11.999999999999998,10,4,6
1,31,-1,29,7,11.875,-4,0,4
1,32,1,28,-4,9.499999999999998,2,0,2
1,33,-1,27,3,10.625000000000002,0,0,0
1,34,1,26,-6,5.000000000000001,8,0,8
1,35,-1,25,-1,8.875,3,4,1
1,36,1,24,-4,8.25,4,-4,8
1,37,-1,23,1,6.374999999999999,9,4,5
1,38,1,22,-4,7.5,0,-4,4
1,39,-1,21,-1,8.125,6,4,2
1,40,1,20,-4,10.000000000000002,4,2,2
1,41,-1,19,1,8.375,6,4,2
1,42,1,18,-8,11.0,4,2,2
1,43,-1,17,1,10.375000000000002,-5,-2,3
1,44,1,16,-4,10.5,7,2,5
1,45,-1,15,1,6.374999999999999,-6,-2,4
1,46,1,14,-6,5.625,5,2,3
1,47,-1,13,-3,4.499999999999999,-6,6,12
1,48,1,12,-6,6.25,1,-6,7
1,49,-1,11,1,3.5,2,6,4
1,50,1,10,-2,4.625,-6,-6,0
1,51,-1,9,17,6.499999999999999,13,6,7
1,52,1,8,12,6.374999999999999,-11,-6,5
1,53,-1,7,21,10.625000000000002,7,6,1
1,54,1,6,4,8.5,-6,-6,0
1,55,-1,5,9,8.75,12,6,6
1,56,1,4,0,4.499999999999999,-17,-6,11
1,57,-1,3,15,11.125,15,6,9
1,58,1,2,12,12.375,-6,-6,0
1,59,-1,2,12,12.375,6,6,0
1,60,1,1,-9,16.125,-6,-6,0
1,61,-1,0,-6,13.5,6,6,0
2,0,1,60,0,0.0,-4,-1,3
2,1,-1,59,3,1.1249999999999998,4,-1,5
2,2,1,58,0,0.0,-2,0,2
2,3,-1,57,3,1.2500000000000002,5,0,5
2,4,1,56,0,0.37499999999999994,-1,2,3
2,5,-1,55,3,2.125,4,-3,7
2,6,1,54,-2,2.25,2,3,1
2,7,-1,53,3,2.5000000000000004,1,-2,3
2,8,1,52,0,0.875,4,2,2
2,9,-1,51,3,2.9999999999999996,0,-2,2
2,10,1,50,0,3.875,6,1,5
2,11,-1,49,5,4.0,5,7,2
2,12,1,48,2,4.375,0,-9,9
2,13,-1,47,5,3.5,10,8,2
2,14,1,46,0,3.6250000000000004,-6,-10,4
2,15,-1,45,5,3.5,7,7,0
2,16,1,44,-2,0.875,-7,-10,3
2,17,-1,43,1,1.0,9,8,1
2,18,1,42,-2,1.6249999999999998,-3,-5,2
2,19,-1,41,5,3.5,5,4,1
2,20,1,40,0,1.875,-2,-5,3
2,21,-1,39,3,1.4999999999999998,0,4,4
2,22,1,38,0,1.875,-2,-4,2
2,23,-1,37,3,2.5000000000000004,-1,4,5
2,24,1,36,0,3.1250000000000004,-1,2,3
2,25,-1,35,9,8.000000000000002,1,-4,5
2,26,1,34,4,6.374999999999999,3,13,10
2,27,-1,33,7,6.499999999999999,-2,-14,12
2,28,1,32,2,7.125,8,14,6
2,29,-1,31,7,8.000000000000002,-5,-14,9
2,30,1,30,4,10.125,10,22,12
2,31,-1,29,9,9.0,-5,-16,11
2,32,1,28,6,8.625,7,16,9
2,33,-1,27,9,10.000000000000002,-5,-20,15
2,34,1,26,2,8.625,10,28,18
2,35,-1,25,11,9.249999999999998,-12,-28,16
2,36,1,24,6,5.375,11,32,21
2,37,-1,23,9,6.75,-11,-32,21
2,38,1,22,2,9.125,16,36,20
2,39,-1,21,5,7.5,-11,-36,25
2,40,1,20,-2,6.75,13,36,23
2,41,-1,19,3,6.875,-7,-12,5
2,42,1,18,0,9.0,7,16,9
2,43,-1,17,3,10.25,-6,-16,10
2,44,1,16,0,10.125,10,20,10
2,45,-1,15,3,10.5,-11,-16,5
2,46,1,14,-4,5.25,13,16,3
2,47,-1,13,5,5.125000000000001,-7,-14,7
2,48,1,12,-2,3.2499999999999996,9,24,15
2,49,-1,11,7,3.5,-11,-14,3
2,50,1,10,2,5.25,11,14,3
2,51,-1,9,5,4.875000000000001,-18,-14,4
2,52,1,8,-12,15.625,18,14,4
2,53,-1,7,-1,7.875,-18,-14,4
2,54,1,6,-6,6.75,21,14,7
2,55,-1,5,5,6.625000000000001,-14,-14,0
2,56,1,4,-6,14.500000000000002,12,14,2
2,57,-1,3,11,10.625000000000002,-15,-14,1
2,58,1,2,6,6.374999999999999,14,14,0
2,59,-1,1,17,9.249999999999998,-14,-14,0
2,60,1,0,14,7.5,14,14,0
3,0,1,60,0,0.0,-4,-1,3
3,1,-1,59,3,1.1249999999999998,4,-1,5
3,2,1,58,0,0.0,-2,0,2
3,3,-1,57,3,1.2500000000000002,5,0,5
3,4,1,56,0,0.37499999999999994,-1,-1,0
3,5,-1,55,3,1.2500000000000002,3,0,3
3,6,1,54,0,0.37499999999999994,1,-1,2
3,7,-1,53,3,2.125,2,0,2
3,8,1,52,-4,3.2499999999999996,7,3,4
3,9,-1,51,-1,3.5,-1,-3,2
3,10,1,50,-4,6.875,1,2,1
3,11,-1,49,-1,6.499999999999999,-2,-3,1
3,12,1,48,-4,6.625000000000001,4,3,1
3,13,-1,47,-1,6.499999999999999,-4,-5,1
3,14,1,46,-4,6.625000000000001,5,3,2
3,15,-1,45,1,3.5,-4,-4,0
3,16,1,44,-6,7.875,4,2,2
3,17,-1,43,-3,7.5,-3,-3,0
3,18,1,42,-6,7.875,7,2,5
3,19,-1,41,1,7.000000000000001,-4,-4,0
3,20,1,40,-2,8.125,4,2,2
3,21,-1,39,1,8.5,-4,-2,2
3,22,1,38,-4,8.375,8,1,7
3,23,-1,37,-1,9.499999999999998,-6,-3,3
3,24,1,36,-4,9.625,7,3,4
3,25,-1,35,5,4.0,-3,-5,2
3,26,1,34,0,5.125000000000001,6,4,2
3,27,-1,33,9,5.000000000000001,-1,0,1
3,28,1,32,4,4.25,5,0,5
3,29,-1,31,9,4.375,1,0,1
3,30,1,30,6,4.499999999999999,6,2,4
3,31,-1,29,9,4.375,0,2,2
3,32,1,28,6,5.25,2,-2,4
3,33,-1,27,11,4.875000000000001,1,2,1
3,34,1,26,6,3.5,4,-2,6
3,35,-1,25,11,6.875,0,4,4
3,36,1,24,2,4.750000000000001,0,-4,4
3,37,-1,23,9,6.875,12,10,2
3,38,1,22,4,3.7500000000000004,2,-4,6
3,39,-1,21,9,5.875000000000001,9,6,3
3,40,1,20,-2,4.25,-2,0,2
3,41,-1,19,9,4.625,9,0,9
3,42,1,18,6,4.0,0,0,0
3,43,-1,17,9,5.25,9,4,5
3,44,1,16,4,2.875,-1,2,3
3,45,-1,15,7,2.9999999999999996,8,16,8
3,46,1,14,4,3.2499999999999996,3,2,1
3,47,-1,13,7,3.875,4,-2,6
3,48,1,12,-2,4.25,5,4,1
3,49,-1,11,7,8.625,3,2,1
3,50,1,10,2,8.5,5,6,1
3,51,-1,9,7,9.125,0,-6,6
3,52,1,8,2,5.875000000000001,3,6,3
3,53,-1,7,19,7.625000000000001,-2,-6,4
3,54,1,6,6,6.875,4,6,2
3,55,-1,5,11,4.625,3,-6,9
3,56,1,4,-2,16.875,-1,6,7
3,57,-1,3,11,4.625,2,-6,8
3,58,1,2,8,5.5,6,6,0
3,59,-1,1,11,4.625,-6,-6,0
3,60,1,0,6,5.999999999999999,6,6,0
4,0,1,60,0,0.0,-4,-1,3
4,1,-1,59,3,1.1249999999999998,4,-1,5
4,2,1,58,0,0.0,-2,0,2
4,3,-1,57,3,1.2500000000000002,5,0,5
4,4,1,56,0,0.37499999999999994,-1,-1,0
4,5,-1,55,3,1.2500000000000002,3,0,3
4,6,1,54,0,0.37499999999999994,1,-1,2
4,7,-1,53,3,2.125,2,0,2
4,8,1,52,0,0.37499999999999994,-1,-2,1
4,9,-1,51,5,1.7500000000000002,-1,2,3
4,10,1,50,-2,1.375,0,-3,3
4,11,-1,49,1,1.7500000000000002,5,2,3
4,12,1,48,-2,4.375,-2,-3,1
4,13,-1,47,3,8.125,11,3,8
4,14,1,46,0,6.25,-4,-3,1
4,15,-1,45,5,3.1250000000000004,4,3,1
4,16,1,44,2,1.7500000000000002,-2,-4,2
4,17,-1,43,5,1.6249999999999998,6,2,4
4,18,1,42,0,1.2500000000000002,-4,-3,1
4,19,-1,41,3,1.375,7,1,6
4,20,1,40,-4,2.25,3,2,1
4,21,-1,39,1,3.6250000000000004,-2,-3,1
4,22,1,38,-2,4.499999999999999,4,3,1
4,23,-1,37,1,3.6250000000000004,-2,-4,2
4,24,1,36,-6,5.000000000000001,1,2,1
4,25,-1,35,-1,9.125,0,-4,4
4,26,1,34,-8,6.25,0,3,3
4,27,-1,33,-5,6.625000000000001,0,-5,5
4,28,1,32,-8,6.25,3,2,1
4,29,-1,31,-5,4.875000000000001,-2,-4,2
4,30,1,30,-10,3.7500000000000004,4,2,2
4,31,-1,29,-1,0.875,-2,-2,0
4,32,1,28,-4,1.7500000000000002,4,4,0
4,33,-1,27,-1,1.6249999999999998,-4,-2,2
4,34,1,26,-4,2.75,4,2,2
4,35,-1,25,-1,2.875,-1,-2,1
4,36,1,24,-8,8.5,3,4,1
4,37,-1,23,1,4.125000000000001,3,-4,7
4,38,1,22,-4,10.375000000000002,3,4,1
4,39,-1,21,-1,7.749999999999999,-4,-2,2
4,40,1,20,-8,10.125,6,2,4
4,41,-1,19,-1,4.0,-7,2,9
4,42,1,18,-10,9.875,7,-2,9
4,43,-1,17,-5,7.125,-2,2,4
4,44,1,16,-14,16.249999999999996,5,-2,7
4,45,-1,15,-1,5.125000000000001,-1,2,3
4,46,1,14,-4,6.25,2,-2,4
4,47,-1,13,1,8.125,-3,2,5
4,48,1,12,-2,7.375,5,4,1
4,49,-1,11,3,8.125,-6,-4,2
4,50,1,10,0,6.75,5,4,1
4,51,-1,9,17,13.625,-3,2,5
4,52,1,8,8,14.875,8,-2,10
4,53,-1,7,19,21.750000000000004,-7,2,9
4,54,1,6,12,22.875000000000004,11,-2,13
4,55,-1,5,19,24.124999999999996,-5,2,7
4,56,1,4,10,33.0,1,-2,3
4,57,-1,3,13,34.74999999999999,-2,2,4
4,58,1,2,2,32.5,-2,-2,0
4,59,-1,1,5,30.125,2,2,0
4,60,1,0,-2,38.5,-2,-2,0
5,0,1,60,0,0.0,-4,-1,3
5,1,-1,59,3,1.1249999999999998,4,-1,5
5,2,1,58,0,0.0,-2,0,2
5,3,-1,57,3,1.1249999999999998,6,0,6
5,4,1,56,0,0.0,-1,-1,0
5,5,-1,55,3,1.1249999999999998,5,2,3
5,6,1,54,-2,1.0,-2,-3,1
5,7,-1,53,3,1.1249999999999998,5,2,3
5,8,1,52,0,1.375,-1,-3,2
5,9,-1,51,3,1.1249999999999998,4,2,2
5,10,1,50,-2,0.37499999999999994,-3,-3,0
5,11,-1,49,3,1.4999999999999998,3,2,1
5,12,1,48,-4,1.375,-1,-3,2
5,13,-1,47,-1,1.4999999999999998,1,2,1
5,14,1,46,-6,4.875000000000001,1,4,3
5,15,-1,45,1,0.7499999999999999,1,-5,6
5,16,1,44,-4,2.3749999999999996,5,8,3
5,17,-1,43,-1,2.5000000000000004,-4,-9,5
5,18,1,42,-4,2.625,8,8,0
5,19,-1,41,-1,2.75,-5,-9,4
5,20,1,40,-4,2.875,12,13,1
5,21,-1,39,-1,1.7500000000000002,-13,-14,1
5,22,1,38,-4,2.125,17,11,6
5,23,-1,37,-1,2.0000000000000004,-14,-13,1
5,24,1,36,-4,1.6249999999999998,15,17,2
5,25,-1,35,-1,1.7500000000000002,-14,-18,4
5,26,1,34,-6,2.125,20,16,4
5,27,-1,33,-3,1.4999999999999998,-13,-17,4
5,28,1,32,-6,2.3749999999999996,23,15,8
5,29,-1,31,1,6.125,-16,-15,1
5,30,1,30,-2,5.000000000000001,22,18,4
5,31,-1,29,5,14.125,-12,-14,2
5,32,1,28,-6,4.750000000000001,20,18,2
5,33,-1,27,-1,6.875,-14,-18,4
5,34,1,26,-6,5.999999999999999,17,18,1
5,35,-1,25,-3,6.374999999999999,-12,-18,6
5,36,1,24,-6,4.750000000000001,16,20,4
5,37,-1,23,-1,8.875,-14,-20,6
5,38,1,22,-12,4.25,22,26,4
5,39,-1,21,-9,4.125000000000001,-20,-26,6
5,40,1,20,-14,4.750000000000001,21,30,9
5,41,-1,19,-9,3.875,-15,-24,9
5,42,1,18,-24,13.25,23,24,1
5,43,-1,17,-17,7.625000000000001,-20,-24,4
5,44,1,16,-20,9.75,24,24,0
5,45,-1,15,-9,10.125,-20,-24,4
5,46,1,14,-12,13.75,27,32,5
5,47,-1,13,-7,10.000000000000002,-18,-32,14
5,48,1,12,-14,10.25,19,32,13
5,49,-1,11,-11,9.625,-26,-32,6
5,50,1,10,-20,11.0,26,34,8
5,51,-1,9,-3,4.750000000000001,-29,-34,5
5,52,1,8,-6,7.5,29,34,5
5,53,-1,7,5,8.75,-30,-34,4
5,54,1,6,2,7.375,30,34,4
5,55,-1,5,7,5.749999999999999,-30,-34,4
5,56,1,4,4,7.5,30,34,4
5,57,-1,3,13,6.625000000000001,-37,-34,3
5,58,1,2,10,5.375,34,34,0
5,59,-1,1,21,10.749999999999998,-34,-34,0
5,60,1,1,21,10.749999999999998,34,34,0
5,61,-1,0,34,27.0,-34,-34,0
6,0,1,60,0,0.0,-4,-1,3
6,1,-1,59,3,1.1249999999999998,4,-1,5
6,2,1,58,0,0.0,-2,0,2
6,3,-1,57,3,1.2500000000000002,5,0,5
6,4,1,56,0,0.37499999999999994,-1,-1,0
6,5,-1,55,3,1.2500000000000002,3,0,3
6,6,1,54,0,0.37499999999999994,1,-1,2
6,7,-1,53,5,4.25,2,-1,3
6,8,1,52,2,4.499999999999999,3,9,6
6,9,-1,51,5,4.125000000000001,-4,-8,4
6,10,1,50,-2,0.25,7,11,4
6,11,-1,49,3,4.125000000000001,-7,-13,6
6,12,1,48,0,5.000000000000001,8,11,3
6,13,-1,47,3,4.625,-8,-12,4
6,14,1,46,-2,2.0000000000000004,12,9,3
6,15,-1,45,1,1.6249999999999998,-1,-6,5
6,16,1,44,-2,3.2499999999999996,8,13,5
6,17,-1,43,5,4.499999999999999,-9,-15,6
6,18,1,42,0,5.125000000000001,10,13,3
6,19,-1,41,3,5.5,-11,-14,3
6,20,1,40,-4,5.125000000000001,20,21,1
6,21,-1,39,-1,4.0,-16,-21,5
6,22,1,38,-6,4.750000000000001,20,27,7
6,23,-1,37,-3,5.375,-21,-29,8
6,24,1,36,-6,7.749999999999999,19,32,13
6,25,-1,35,3,3.1250000000000004,-15,-28,13
6,26,1,34,0,4.375,17,30,13
6,27,-1,33,3,5.5,-20,-25,5
6,28,1,32,-8,11.125,23,43,20
6,29,-1,31,-3,12.999999999999998,-13,-43,30
6,30,1,30,-6,16.625,17,42,25
6,31,-1,29,3,7.249999999999999,-19,-42,23
6,32,1,28,0,5.875000000000001,17,50,33
6,33,-1,27,15,6.75,-9,-22,13
6,34,1,26,12,5.125000000000001,12,22,10
6,35,-1,25,15,7.249999999999999,-3,-20,17
6,36,1,24,10,5.125000000000001,8,20,12
6,37,-1,23,13,6.25,-8,-20,12
6,38,1,22,6,2.125,11,20,9
6,39,-1,21,11,4.499999999999999,-31,-20,11
6,40,1,20,-2,4.25,29,20,9
6,41,-1,19,5,5.125000000000001,-27,-20,7
6,42,1,18,-4,3.7500000000000004,34,20,14
6,43,-1,17,-1,4.375,-28,-20,8
6,44,1,16,-8,4.25,31,28,3
6,45,-1,15,-5,4.625,-30,-28,2
6,46,1,14,-8,5.25,34,36,2
6,47,-1,13,1,1.375,-10,-36,26
6,48,1,12,-6,6.499999999999999,11,36,25
6,49,-1,11,1,7.125,-11,-36,25
6,50,1,10,-2,5.999999999999999,9,38,29
6,51,-1,9,7,2.3749999999999996,-7,-38,31
6,52,1,8,0,4.25,17,38,21
6,53,-1,7,19,9.625,-1,-38,37
6,54,1,6,10,4.499999999999999,11,42,31
6,55,-1,5,15,8.75,-21,-42,21
6,56,1,4,10,5.999999999999999,25,42,17
6,57,-1,3,13,8.75,-30,-42,12
6,58,1,2,10,4.499999999999999,42,42,0
6,59,-1,1,29,20.75,-42,-42,0
6,60,1,1,29,20.75,42,42,0
6,61,-1,0,42,40.5,-42,-42,0
7,0,1,60,0,0.0,-4,-1,3
7,1,-1,59,3,1.1249999999999998,4,-1,5
7,2,1,58,0,0.0,-2,0,2
7,3,-1,57,3,1.1249999999999998,5,1,4
7,4,1,56,-2,1.0,-3,-1,2
7,5,-1,55,1,1.6249999999999998,7,6,1
7,6,1,54,-2,1.0,-1,-5,4
7,7,-1,53,1,0.12500000000000003,9,4,5
7,8,1,52,-2,1.375,-3,-5,2
7,9,-1,51,1,1.4999999999999998,8,7,1
7,10,1,50,-4,4.625,-1,-8,7
7,11,-1,49,-1,4.499999999999999,3,6,3
7,12,1,48,-4,4.375,-2,-8,6
7,13,-1,47,1,1.4999999999999998,9,6,3
7,14,1,46,-2,4.375,-9,-6,3
7,15,-1,45,3,7.125,10,4,6
7,16,1,44,0,5.749999999999999,-5,-6,1
7,17,-1,43,5,2.3749999999999996,9,5,4
7,18,1,42,2,1.7500000000000002,-1,-7,6
7,19,-1,41,7,6.625000000000001,6,5,1
7,20,1,40,2,2.875,-6,-6,0
7,21,-1,39,7,5.749999999999999,10,7,3
7,22,1,38,2,1.4999999999999998,-9,-6,3
7,23,-1,37,5,1.1249999999999998,8,5,3
7,24,1,36,0,1.2500000000000002,-8,-7,1
7,25,-1,35,7,1.6249999999999998,10,8,2
7,26,1,34,0,4.25,-7,-11,4
7,27,-1,33,3,3.375,8,10,2
7,28,1,32,-2,5.25,-9,-12,3
7,29,-1,31,3,5.125000000000001,12,15,3
7,30,1,30,0,3.7500000000000004,-12,-18,6
7,31,-1,29,9,7.625000000000001,11,18,7
7,32,1,28,6,4.750000000000001,-8,-16,8
7,33,-1,27,13,6.125,10,22,12
7,34,1,26,8,6.25,-3,-22,19
7,35,-1,25,11,7.375,13,22,9
7,36,1,24,2,4.750000000000001,-13,-24,11
7,37,-1,23,7,5.875000000000001,21,36,15
7,38,1,22,2,6.25,-21,-36,15
7,39,-1,21,7,8.125,24,36,12
7,40,1,20,4,5.749999999999999,-22,-36,14
7,41,-1,19,13,9.875,24,36,12
7,42,1,18,10,8.75,-22,-28,6
7,43,-1,17,17,14.125,26,28,2
7,44,1,16,12,9.249999999999998,-23,-28,5
7,45,-1,15,23,16.500000000000004,37,28,9
7,46,1,14,20,14.625000000000002,-22,-28,6
7,47,-1,13,23,16.500000000000004,34,28,6
7,48,1,12,18,13.375,-23,-16,7
7,49,-1,11,21,13.5,27,16,11
7,50,1,10,14,10.875,-20,-16,4
7,51,-1,9,17,10.625000000000002,21,18,3
7,52,1,8,14,8.875,-12,-18,6
7,53,-1,7,17,11.250000000000002,24,18,6
7,54,1,6,6,11.999999999999998,-17,-18,1
7,55,-1,6,6,11.999999999999998,17,18,1
7,56,1,5,-5,9.625,-17,-16,1
7,57,-1,4,-2,10.375000000000002,16,16,0
7,58,1,3,-7,13.625,-15,-16,1
7,59,-1,3,-7,13.625,15,16,1
7,60,1,2,-22,15.375000000000002,-16,-16,0
7,61,-1,1,-15,10.25,16,16,0
8,0,1,60,0,0.0,-4,-1,3
8,1,-1,59,3,1.1249999999999998,4,-1,5
8,2,1,58,0,0.0,-2,0,2
8,3,-1,57,3,1.2500000000000002,5,0,5
8,4,1,56,0,0.37499999999999994,-1,-1,0
8,5,-1,55,3,2.125,6,4,2
8,6,1,54,-2,2.5000000000000004,-1,-5,4
8,7,-1,53,1,2.125,6,4,2
8,8,1,52,-2,5.000000000000001,-3,-5,2
8,9,-1,51,1,5.625,7,3,4
8,10,1,50,-2,5.25,-5,-5,0
8,11,-1,49,5,2.9999999999999996,8,6,2
8,12,1,48,2,3.6250000000000004,-4,-7,3
8,13,-1,47,9,5.000000000000001,13,6,7
8,14,1,46,4,2.625,-9,-6,3
8,15,-1,45,7,4.0,9,5,4
8,16,1,44,2,3.6250000000000004,-8,-6,2
8,17,-1,43,11,5.749999999999999,13,7,6
8,18,1,42,6,3.1250000000000004,-7,-3,4
8,19,-1,41,9,3.7500000000000004,11,6,5
8,20,1,40,6,2.125,-10,-6,4
8,21,-1,39,9,4.0,11,4,7
8,22,1,38,6,4.375,-6,-6,0
8,23,-1,37,9,4.0,8,3,5
8,24,1,36,0,6.125,-4,3,7
8,25,-1,35,3,6.499999999999999,13,7,6
8,26,1,34,0,8.875,-10,-10,0
8,27,-1,33,7,3.6250000000000004,15,13,2
8,28,1,32,2,6.75,-13,-15,2
8,29,-1,31,9,3.1250000000000004,15,13,2
8,30,1,30,4,1.7500000000000002,-11,-16,5
8,31,-1,29,13,6.875,24,20,4
8,32,1,28,8,6.25,-18,-20,2
8,33,-1,27,17,14.125,18,24,6
8,34,1,26,14,10.5,-17,-18,1
8,35,-1,25,19,12.125,19,18,1
8,36,1,24,10,9.75,-19,-18,1
8,37,-1,23,15,16.375000000000004,21,18,3
8,38,1,22,10,14.0,-15,-18,3
8,39,-1,21,13,13.875,20,22,2
8,40,1,20,8,11.999999999999998,-16,-22,6
8,41,-1,19,11,13.25,23,28,5
8,42,1,18,4,8.125,-21,-28,7
8,43,-1,17,11,8.5,21,28,7
8,44,1,16,6,9.375,-18,-22,4
8,45,-1,15,9,11.250000000000002,21,30,9
8,46,1,14,2,12.375,-12,-20,8
8,47,-1,13,9,12.750000000000002,12,22,10
8,48,1,12,0,10.875,-12,-22,10
8,49,-1,11,3,10.625000000000002,15,30,15
8,50,1,10,-6,6.875,-12,-30,18
8,51,-1,9,-3,7.749999999999999,14,32,18
8,52,1,8,-14,4.875000000000001,-17,-32,15
8,53,-1,7,-3,4.625,23,32,9
8,54,1,6,-10,11.875,-26,-32,6
8,55,-1,5,-7,12.125,31,32,1
8,56,1,4,-10,11.5,-24,-32,8
8,57,-1,4,-10,11.5,24,32,8
8,58,1,3,-21,18.625,-41,-32,9
8,59,-1,3,-21,18.625,41,32,9
8,60,1,2,-32,19.874999999999996,-32,-32,0
8,61,-1,2,-32,19.874999999999996,32,32,0
8,62,1,1,-35,23.625,-32,-32,0
8,63,-1,0,-32,20.000000000000004,32,32,0
9,0,1,60,0,0.0,-4,-1,3
9,1,-1,59,3,1.1249999999999998,4,-1,5
9,2,1,58,0,0.0,-2,0,2
9,3,-1,57,3,1.2500000000000002,5,0,5
9,4,1,56,0,0.37499999999999994,-1,-1,0
9,5,-1,55,3,1.2500000000000002,3,0,3
9,6,1,54,0,0.37499999999999994,1,-1,2
9,7,-1,53,3,2.125,2,0,2
9,8,1,52,0,0.37499999999999994,-1,-2,1
9,9,-1,51,5,1.4999999999999998,3,3,0
9,10,1,50,0,0.6250000000000001,0,-4,4
9,11,-1,49,5,4.499999999999999,2,3,1
9,12,1,48,2,4.875000000000001,0,-4,4
9,13,-1,47,7,5.000000000000001,7,3,4
9,14,1,46,4,4.625,-5,-3,2
9,15,-1,45,11,8.000000000000002,7,3,4
9,16,1,44,8,5.375,-6,-5,1
9,17,-1,43,11,7.625000000000001,6,3,3
9,18,1,42,8,5.749999999999999,-5,-4,1
9,19,-1,41,11,7.125,6,2,4
9,20,1,40,6,2.75,-3,1,4
9,21,-1,39,9,4.625,3,-3,6
9,22,1,38,4,1.7500000000000002,-3,1,4
9,23,-1,37,7,2.875,5,-2,7
9,24,1,36,2,1.2500000000000002,-1,3,4
9,25,-1,35,5,1.375,0,-4,4
9,26,1,34,2,0.25,3,4,1
9,27,-1,33,7,1.6249999999999998,-2,-6,4
9,28,1,32,4,0.7499999999999999,2,4,2
9,29,-1,31,7,1.875,3,2,1
9,30,1,30,4,0.7499999999999999,-3,-2,1
9,31,-1,29,7,2.125,4,2,2
9,32,1,28,-2,7.249999999999999,-4,4,8
9,33,-1,27,1,8.375,5,4,1
9,34,1,26,-2,7.000000000000001,-6,2,8
9,35,-1,25,9,3.375,6,-2,8
9,36,1,24,4,1.1249999999999998,7,2,5
9,37,-1,23,13,7.000000000000001,-6,0,6
9,38,1,22,4,6.625000000000001,5,0,5
9,39,-1,21,7,9.0,-5,0,5
9,40,1,20,-2,4.875000000000001,8,0,8
9,41,-1,19,5,9.249999999999998,-3,0,3
9,42,1,18,2,10.375000000000002,3,0,3
9,43,-1,17,7,13.5,-2,0,2
9,44,1,16,2,9.125,4,8,4
9,45,-1,15,7,12.375,-5,-8,3
9,46,1,14,-4,11.250000000000002,5,8,3
9,47,-1,13,7,10.875,-5,-8,3
9,48,1,12,2,8.5,2,8,6
9,49,-1,11,11,12.875,-1,-8,7
9,50,1,10,6,9.249999999999998,-1,12,13
9,51,-1,9,15,9.125,-3,-12,9
9,52,1,8,12,7.875,7,12,5
9,53,-1,7,15,9.75,-11,-12,1
9,54,1,6,4,7.375,8,12,4
9,55,-1,5,7,9.125,-15,-12,3
9,56,1,4,-4,12.999999999999998,16,12,4
9,57,-1,3,9,8.25,-18,-12,6
9,58,1,2,6,7.5,12,12,0
9,59,-1,1,19,15.249999999999998,-12,-12,0
9,60,1,0,12,18.5,12,12,0
10,0,1,60,0,0.0,-4,-1,3
10,1,-1,59,3,1.1249999999999998,4,-1,5
10,2,1,58,0,0.37499999999999994,-2,0,2
10,3,-1,57,3,1.7500000000000002,2,-1,3
10,4,1,56,-2,0.37499999999999994,0,0,0
10,5,-1,55,1,1.1249999999999998,4,1,3
10,6,1,54,-4,2.0000000000000004,-1,-1,0
10,7,-1,53,-1,3.2499999999999996,5,0,5
10,8,1,52,-4,3.375,-1,-1,0
10,9,-1,51,-1,1.4999999999999998,2,0,2
10,10,1,50,-4,3.6250000000000004,-1,-1,0
10,11,-1,49,1,2.9999999999999996,3,1,2
10,12,1,48,-4,3.875,3,1,2
10,13,-1,47,-1,2.0000000000000004,-3,-2,1
10,14,1,46,-4,1.6249999999999998,7,4,3
10,15,-1,45,3,2.5000000000000004,-4,-4,0
10,16,1,44,0,0.875,8,5,3
10,17,-1,43,3,2.9999999999999996,-4,-2,2
10,18,1,42,-2,1.375,3,1,2
10,19,-1,41,3,0.5000000000000001,4,2,2
10,20,1,40,-4,2.625,0,-3,3
10,21,-1,39,1,1.4999999999999998,4,9,5
10,22,1,38,-4,2.625,-5,-11,6
10,23,-1,37,3,1.4999999999999998,8,9,1
10,24,1,36,-4,2.125,-8,-11,3
10,25,-1,35,1,3.2499999999999996,8,9,1
10,26,1,34,-2,3.375,-8,-10,2
10,27,-1,33,1,3.2499999999999996,10,10,0
10,28,1,32,-2,3.375,-9,-12,3
10,29,-1,31,3,2.75,16,11,5
10,30,1,30,0,2.9999999999999996,-15,-14,1
10,31,-1,29,5,4.625,15,14,1
10,32,1,28,2,5.000000000000001,-11,-14,3
10,33,-1,27,5,4.625,17,20,3
10,34,1,26,-6,4.499999999999999,-16,-20,4
10,35,-1,25,-3,4.875000000000001,18,24,6
10,36,1,24,-6,4.499999999999999,-16,-22,6
10,37,-1,23,1,5.875000000000001,20,26,6
10,38,1,22,-2,6.25,-15,-26,11
10,39,-1,21,5,12.125,25,28,3
10,40,1,20,2,13.75,-25,-28,3
10,41,-1,19,13,23.500000000000004,36,32,4
10,42,1,18,4,15.375000000000002,-23,-26,3
10,43,-1,17,9,17.0,28,26,2
10,44,1,16,0,23.124999999999996,-23,-26,3
10,45,-1,15,3,22.999999999999996,37,28,9
10,46,1,14,-14,14.375,-19,-24,5
10,47,-1,13,-7,19.124999999999996,18,24,6
10,48,1,12,-12,20.75,-18,-24,6
10,49,-1,11,-9,21.5,20,24,4
10,50,1,10,-14,16.75,-17,-22,5
10,51,-1,9,3,10.625000000000002,21,22,1
10,52,1,8,-2,8.375,-21,-22,1
10,53,-1,7,1,10.000000000000002,22,22,0
10,54,1,6,-8,6.875,-18,-22,4
10,55,-1,5,-3,9.0,23,32,9
10,56,1,4,-16,8.875,-34,-32,2
10,57,-1,3,-3,14.625000000000002,45,32,13
10,58,1,2,-16,11.875,-32,-32,0
10,59,-1,2,-16,11.875,32,32,0
10,60,1,1,-35,37.625,-32,-32,0
10,61,-1,0,-32,33.0,32,32,0
11,0,1,60,0,0.0,-4,-1,3
11,1,-1,59,3,1.1249999999999998,4,-1,5
11,2,1,58,0,0.0,-3,2,5
11,3,-1,57,3,1.1249999999999998,4,-6,10
11,4,1,56,0,1.2500000000000002,1,6,5
11,5,-1,55,3,1.375,4,-7,11
11,6,1,54,-2,0.6250000000000001,0,6,6
11,7,-1,53,1,1.4999999999999998,3,-6,9
11,8,1,52,-4,1.6249999999999998,5,5,0
11,9,-1,51,-1,0.37499999999999994,-5,-5,0
11,10,1,50,-8,2.5000000000000004,6,5,1
11,11,-1,49,-3,0.37499999999999994,-4,-5,1
11,12,1,48,-6,1.7500000000000002,5,4,1
11,13,-1,47,-1,3.1250000000000004,-1,-3,2
11,14,1,46,-4,2.75,3,1,2
11,15,-1,45,1,1.1249999999999998,0,-5,5
11,16,1,44,-2,2.0000000000000004,5,1,4
11,17,-1,43,1,1.6249999999999998,-3,-3,0
11,18,1,42,-2,2.25,4,2,2
11,19,-1,41,3,1.375,-2,-2,0
11,20,1,40,-2,1.6249999999999998,5,1,4
11,21,-1,39,3,2.9999999999999996,-2,-2,0
11,22,1,38,-2,1.6249999999999998,5,0,5
11,23,-1,37,1,2.0000000000000004,3,5,2
11,24,1,36,-2,2.625,-6,-6,0
11,25,-1,35,1,1.7500000000000002,7,4,3
11,26,1,34,-2,1.6249999999999998,-3,-5,2
11,27,-1,33,5,4.375,2,5,3
11,28,1,32,0,2.5000000000000004,-4,-7,3
11,29,-1,31,3,4.125000000000001,6,5,1
11,30,1,30,-4,1.7500000000000002,0,-6,6
11,31,-1,29,3,8.125,2,6,4
11,32,1,28,-2,5.000000000000001,-4,-6,2
11,33,-1,27,3,7.375,12,14,2
11,34,1,26,0,6.25,-9,-14,5
11,35,-1,25,9,12.375,17,18,1
11,36,1,24,0,8.000000000000002,-10,-18,8
11,37,-1,23,7,9.875,10,18,8
11,38,1,22,2,5.5,-10,-18,8
11,39,-1,21,9,9.875,27,18,9
11,40,1,20,6,10.625000000000002,-23,-18,5
11,41,-1,19,13,16.875,24,18,6
11,42,1,18,10,16.500000000000004,-20,-18,2
11,43,-1,17,13,18.249999999999996,20,18,2
11,44,1,16,10,15.875000000000002,-19,-18,1
11,45,-1,15,13,17.25,24,20,4
11,46,1,14,10,16.125,-20,-18,2
11,47,-1,13,15,22.375000000000004,30,18,12
11,48,1,12,0,11.250000000000002,-14,-16,2
11,49,-1,11,7,13.625,21,18,3
11,50,1,10,4,13.5,-13,-12,1
11,51,-1,9,13,14.125,13,12,1
11,52,1,8,8,13.875,-11,-12,1
11,53,-1,7,13,16.125,27,12,15
11,54,1,6,4,15.249999999999998,-19,-12,7
11,55,-1,6,4,15.249999999999998,19,12,7
11,56,1,5,-9,7.625000000000001,-14,-12,2
11,57,-1,4,-4,8.000000000000002,14,14,0
11,58,1,3,-27,16.125,-13,-14,1
11,59,-1,2,-22,11.375,14,14,0
11,60,1,1,-25,15.249999999999998,-14,-14,0
11,61,-1,0,-14,10.5,14,14,0
12,0,1,60,0,0.0,-4,-1,3
12,1,-1,59,3,1.1249999999999998,4,-1,5
12,2,1,58,0,0.0,-2,0,2
12,3,-1,57,3,1.1249999999999998,5,1,4
12,4,1,56,-2,1.0,-3,-1,2
12,5,-1,55,1,0.12500000000000003,6,1,5
12,6,1,54,-2,1.375,-4,-2,2
12,7,-1,53,1,0.7499999999999999,5,1,4
12,8,1,52,-2,1.0,0,-2,2
12,9,-1,51,1,2.125,1,1,0
12,10,1,50,-2,2.25,-2,-2,0
12,11,-1,49,1,2.3749999999999996,3,1,2
12,12,1,48,-2,2.75,0,-2,2
12,13,-1,47,1,2.125,2,2,0
12,14,1,46,-4,3.375,-4,-4,0
12,15,-1,45,-1,1.7500000000000002,5,3,2
12,16,1,44,-4,3.375,-3,-4,1
12,17,-1,43,1,2.9999999999999996,5,2,3
12,18,1,42,-2,2.3749999999999996,-5,-3,2
12,19,-1,41,7,8.75,6,3,3
12,20,1,40,4,8.375,-4,-1,3
12,21,-1,39,7,8.75,9,-1,10
12,22,1,38,0,7.375,-3,-1,2
12,23,-1,37,3,9.0,3,-1,4
12,24,1,36,0,9.375,-3,-1,2
12,25,-1,35,7,13.5,2,-2,4
12,26,1,34,0,8.125,-2,-1,1
12,27,-1,33,3,7.5,3,-2,5
12,28,1,32,-10,3.875,6,-3,9
12,29,-1,31,-3,2.625,-3,0,3
12,30,1,30,-12,5.25,1,-2,3
12,31,-1,29,-5,2.125,1,2,1
12,32,1,28,-10,6.499999999999999,4,-2,6
12,33,-1,27,-7,7.125,-1,2,3
12,34,1,26,-10,9.249999999999998,3,-2,5
12,35,-1,25,1,2.625,0,2,2
12,36,1,24,-4,4.750000000000001,5,6,1
12,37,-1,23,3,4.375,-5,-6,1
12,38,1,22,-4,7.749999999999999,14,20,6
12,39,-1,21,-1,6.875,-6,-20,14
12,40,1,20,-8,7.5,9,20,11
12,41,-1,19,-5,6.374999999999999,-9,-20,11
12,42,1,18,-20,19.250000000000004,7,20,13
12,43,-1,17,-13,13.875,-5,-20,15
12,44,1,16,-20,13.25,8,22,14
12,45,-1,15,-9,13.875,1,-22,23
12,46,1,14,-12,14.749999999999998,4,24,20
12,47,-1,13,-1,16.125,-4,-24,20
12,48,1,12,-12,26.249999999999996,6,30,24
12,49,-1,11,-9,26.625000000000004,-1,8,9
12,50,1,10,-18,27.5,-2,-8,6
12,51,-1,9,-11,30.25,6,8,2
12,52,1,8,-16,28.000000000000004,11,12,1
12,53,-1,7,-13,29.749999999999996,-1,-12,11
12,54,1,6,-20,32.00000000000001,5,16,11
12,55,-1,5,-17,30.624999999999996,-6,-16,10
12,56,1,4,-24,27.374999999999996,14,20,6
12,57,-1,3,-15,23.124999999999996,-28,-20,8
12,58,1,2,-28,22.999999999999996,20,20,0
12,59,-1,1,-5,16.249999999999996,-20,-20,0
12,60,1,1,-5,16.249999999999996,20,20,0
12,61,-1,0,20,21.5,-20,-20,0
13,0,1,60,0,0.0,-4,-1,3
13,1,-1,59,3,1.1249999999999998,4,-1,5
13,2,1,58,0,0.37499999999999994,-2,0,2
13,3,-1,57,3,1.7500000000000002,2,-1,3
13,4,1,56,-2,0.37499999999999994,0,0,0
13,5,-1,55,1,0.5000000000000001,4,-1,5
13,6,1,54,-4,4.875000000000001,-1,0,1
13,7,-1,53,1,5.625,3,0,3
13,8,1,52,-2,5.25,1,-1,2
13,9,-1,51,3,1.375,2,2,0
13,10,1,50,-2,2.75,-1,-2,1
13,11,-1,49,1,2.3749999999999996,6,0,6
13,12,1,48,-2,2.9999999999999996,3,2,1
13,13,-1,47,3,2.3749999999999996,2,-5,7
13,14,1,46,0,2.5000000000000004,4,2,2
13,15,-1,45,5,1.875,-1,-4,3
13,16,1,44,2,2.5000000000000004,1,2,1
13,17,-1,43,5,2.875,-3,-4,1
13,18,1,42,-4,3.5,2,2,0
13,19,-1,41,1,4.750000000000001,-2,-3,1
13,20,1,40,-2,3.1250000000000004,-1,2,3
13,21,-1,39,3,8.000000000000002,5,2,3
13,22,1,38,-2,3.7500000000000004,-7,-4,3
13,23,-1,37,1,6.625000000000001,6,2,4
13,24,1,36,-4,5.749999999999999,-2,0,2
13,25,-1,35,1,7.875,3,-2,5
13,26,1,34,-2,4.750000000000001,-2,-1,1
13,27,-1,33,5,11.875,3,-2,5
13,28,1,32,-2,11.5,6,4,2
13,29,-1,31,3,11.75,-5,-1,4
13,30,1,30,0,13.124999999999998,8,-4,12
13,31,-1,29,3,13.5,-3,6,9
13,32,1,28,0,10.625000000000002,3,-6,9
13,33,-1,27,5,9.0,8,12,4
13,34,1,26,-8,8.125,-3,-12,9
13,35,-1,25,-1,3.5,11,14,3
13,36,1,24,-4,4.125000000000001,-12,-14,2
13,37,-1,23,1,4.0,14,14,0
13,38,1,22,-4,2.3749999999999996,-13,-14,1
13,39,-1,21,3,2.5000000000000004,16,18,2
13,40,1,20,-2,1.875,-16,-18,2
13,41,-1,19,5,4.125000000000001,33,32,1
13,42,1,18,-4,1.7500000000000002,-25,-32,7
13,43,-1,17,7,6.125,32,32,0
13,44,1,16,-4,7.749999999999999,-26,-32,6
13,45,-1,15,1,5.999999999999999,30,32,2
13,46,1,14,-2,6.875,-22,-20,2
13,47,-1,13,7,4.0,25,24,1
13,48,1,12,0,5.125000000000001,-25,-24,1
13,49,-1,11,7,3.5,30,26,4
13,50,1,10,-2,8.75,-26,-26,0
13,51,-1,9,1,10.625000000000002,28,26,2
13,52,1,8,-2,14.375,-20,-22,2
13,53,-1,7,3,16.500000000000004,33,22,11
13,54,1,6,-16,24.75,-35,-22,13
13,55,-1,5,-7,25.125000000000004,36,22,14
13,56,1,4,-14,31.375,-28,-22,6
13,57,-1,4,-14,31.375,28,22,6
13,58,1,3,-21,30.0,-22,-22,0
13,59,-1,2,-12,18.750000000000004,22,22,0
13,60,1,1,-17,25.625,-22,-22,0
13,61,-1,1,-17,25.625,22,22,0
13,62,1,0,-22,27.5,-22,-22,0
14,0,1,60,0,0.0,-4,-1,3
14,1,-1,59,3,1.1249999999999998,4,-1,5
14,2,1,58,0,0.0,-2,0,2
14,3,-1,57,3,1.1249999999999998,5,1,4
14,4,1,56,-2,1.0,-3,-1,2
14,5,-1,55,1,0.12500000000000003,6,1,5
14,6,1,54,-2,1.375,-4,-2,2
14,7,-1,53,1,0.7499999999999999,5,1,4
14,8,1,52,-2,1.0,0,-2,2
14,9,-1,51,1,2.125,1,1,0
14,10,1,50,-2,2.25,-2,-2,0
14,11,-1,49,1,2.125,2,0,2
14,12,1,48,-2,2.5000000000000004,0,-3,3
14,13,-1,47,1,2.125,3,2,1
14,14,1,46,-4,3.375,-4,-2,2
14,15,-1,45,1,3.2499999999999996,4,2,2
14,16,1,44,-2,2.875,-4,-4,0
14,17,-1,43,7,9.499999999999998,4,2,2
14,18,1,42,4,8.625,-3,-4,1
14,19,-1,41,7,9.499999999999998,7,2,5
14,20,1,40,0,7.625000000000001,-2,-4,2
14,21,-1,39,3,9.0,2,2,0
14,22,1,38,0,10.125,-3,-4,1
14,23,-1,37,5,10.000000000000002,6,2,4
14,24,1,36,-4,2.75,3,-3,6
14,25,-1,35,-1,4.625,1,1,0
14,26,1,34,-6,2.9999999999999996,0,-3,3
14,27,-1,33,-3,3.1250000000000004,0,1,1
14,28,1,32,-10,4.750000000000001,-2,-2,0
14,29,-1,31,-5,2.3749999999999996,3,1,2
14,30,1,30,-8,2.25,-3,-2,1
14,31,-1,29,-1,1.875,5,2,3
14,32,1,28,-8,3.2499999999999996,-3,-2,1
14,33,-1,27,-3,4.875000000000001,5,2,3
14,34,1,26,-16,9.75,2,0,2
14,35,-1,25,-11,8.625,1,2,1
14,36,1,24,-18,10.25,3,-4,7
14,37,-1,23,-13,6.125,-2,26,28
14,38,1,22,-24,16.249999999999996,2,-26,28
14,39,-1,21,-21,14.375,-1,28,29
14,40,1,20,-26,19.75,-7,-28,21
14,41,-1,19,-23,18.5,7,28,21
14,42,1,18,-26,19.874999999999996,1,-22,23
14,43,-1,17,-23,17.999999999999996,4,26,22
14,44,1,16,-26,18.249999999999996,-7,-26,19
14,45,-1,15,-23,18.125000000000004,16,62,46
14,46,1,14,-36,27.874999999999996,-11,-24,13
14,47,-1,13,-27,20.625,16,24,8
14,48,1,12,-40,29.875000000000004,-16,-20,4
14,49,-1,11,-31,19.500000000000004,16,20,4
14,50,1,10,-36,24.875,-13,-20,7
14,51,-1,9,-27,16.500000000000004,21,20,1
14,52,1,8,-40,30.125,-17,-20,3
14,53,-1,7,-35,23.999999999999996,21,20,1
14,54,1,6,-40,28.875,-20,-20,0
14,55,-1,5,-31,20.125000000000004,20,20,0
14,56,1,4,-46,40.87499999999999,-24,-20,4
14,57,-1,3,-37,28.000000000000004,25,20,5
14,58,1,3,-37,28.000000000000004,-25,-20,5
14,59,-1,2,-26,26.750000000000004,20,20,0
14,60,1,1,-29,25.625,-20,-20,0
14,61,-1,0,-20,16.500000000000004,20,20,0
15,0,1,60,0,0.0,-4,-1,3
15,1,-1,59,3,1.1249999999999998,4,-1,5
15,2,1,58,0,0.0,-2,0,2
15,3,-1,57,3,1.2500000000000002,5,0,5
15,4,1,56,0,0.37499999999999994,-1,-1,0
15,5,-1,55,3,1.2500000000000002,3,0,3
15,6,1,54,0,0.37499999999999994,1,-1,2
15,7,-1,53,3,2.125,2,0,2
15,8,1,52,0,0.37499999999999994,-1,-2,1
15,9,-1,51,5,1.4999999999999998,3,3,0
15,10,1,50,0,0.6250000000000001,0,-4,4
15,11,-1,49,5,4.499999999999999,2,3,1
15,12,1,48,2,4.875000000000001,0,-4,4
15,13,-1,47,7,5.000000000000001,7,3,4
15,14,1,46,4,4.625,-5,-3,2
15,15,-1,45,11,8.000000000000002,7,3,4
15,16,1,44,8,7.625000000000001,-2,-2,0
15,17,-1,43,11,9.499999999999998,4,3,1
15,18,1,42,8,7.875,-2,-4,2
15,19,-1,41,13,8.000000000000002,10,2,8
15,20,1,40,10,7.375,-5,-4,1
15,21,-1,39,15,8.5,4,1,3
15,22,1,38,4,1.6249999999999998,4,3,1
15,23,-1,37,7,4.25,0,-3,3
15,24,1,36,-2,5.625,2,4,2
15,25,-1,35,5,2.9999999999999996,4,-2,6
15,26,1,34,0,5.125000000000001,2,1,1
15,27,-1,33,5,2.9999999999999996,1,-3,4
15,28,1,32,0,2.125,5,0,5
15,29,-1,31,3,1.7500000000000002,-2,-2,0
15,30,1,30,-6,4.125000000000001,10,2,8
15,31,-1,29,-1,4.875000000000001,-7,-2,5
15,32,1,28,-4,4.750000000000001,8,2,6
15,33,-1,27,-1,4.875000000000001,0,2,2
15,34,1,26,-4,5.25,4,-2,6
15,35,-1,25,7,8.375,12,8,4
15,36,1,24,4,6.75,-11,-8,3
15,37,-1,23,7,7.000000000000001,12,8,4
15,38,1,22,2,5.125000000000001,-6,-6,0
15,39,-1,21,9,8.000000000000002,14,12,2
15,40,1,20,2,2.75,-8,-12,4
15,41,-1,19,7,4.875000000000001,20,12,8
15,42,1,18,4,4.499999999999999,-18,-12,6
15,43,-1,17,15,10.375000000000002,21,12,9
15,44,1,16,12,9.0,-21,-10,11
15,45,-1,15,17,9.249999999999998,21,10,11
15,47,-1,14,14,8.625,13,10,3
15,48,1,13,7,9.0,-10,-10,0
15,49,-1,12,14,10.625000000000002,16,10,6
15,50,1,11,9,6.875,-9,-10,1
15,51,-1,10,16,10.25,13,10,3
15,52,1,9,9,5.125000000000001,-8,-10,2
15,53,-1,8,14,8.875,13,12,1
15,54,1,7,7,6.125,-9,-12,3
15,55,-1,6,10,5.749999999999999,8,12,4
15,56,1,5,5,5.625,-1,-4,3
15,57,-1,4,12,7.375,0,4,4
15,58,1,3,5,6.499999999999999,1,-4,5
15,59,-1,3,5,6.499999999999999,-1,4,5
15,60,1,2,0,7.875,-4,-4,0
15,61,-1,1,5,6.25,4,4,0
15,62,1,0,-4,9.499999999999998,-4,-4,0
16,0,1,60,0,0.0,-4,-1,3
16,1,-1,59,3,1.1249999999999998,4,-1,5
16,2,1,58,0,0.0,-3,2,5
16,3,-1,57,3,1.1249999999999998,4,-6,10
16,4,1,56,0,1.2500000000000002,1,6,5
16,5,-1,55,3,1.375,4,-7,11
16,6,1,54,-2,0.6250000000000001,0,6,6
16,7,-1,53,1,1.4999999999999998,4,-3,7
16,8,1,52,-4,1.6249999999999998,3,2,1
16,9,-1,51,-1,2.0000000000000004,2,-1,3
16,10,1,50,-4,4.875000000000001,2,0,2
16,11,-1,49,-1,2.0000000000000004,-2,-2,0
16,12,1,48,-4,1.6249999999999998,3,5,2
16,13,-1,47,1,1.0,-2,-7,5
16,14,1,46,-2,1.2500000000000002,6,5,1
16,15,-1,45,1,1.4999999999999998,-6,-6,0
16,16,1,44,-4,1.375,5,5,0
16,17,-1,43,1,2.25,-4,-3,1
16,18,1,42,-6,6.875,3,1,2
16,19,-1,41,1,10.000000000000002,-1,-2,1
16,20,1,40,-2,8.625,4,-1,5
16,21,-1,39,3,8.5,1,-2,3
16,22,1,38,0,7.375,2,0,2
16,23,-1,37,3,5.999999999999999,5,-2,7
16,24,1,36,-2,5.125000000000001,-5,-1,4
16,25,-1,35,1,5.25,4,1,3
16,26,1,34,-8,3.1250000000000004,1,2,1
16,27,-1,33,-5,2.9999999999999996,2,-1,3
16,28,1,32,-8,3.6250000000000004,1,0,1
16,29,-1,31,-5,2.0000000000000004,8,4,4
16,30,1,30,-8,2.125,-3,-10,7
16,31,-1,29,-3,2.5000000000000004,7,10,3
16,32,1,28,-6,2.3749999999999996,-10,-10,0
16,33,-1,27,-3,3.5,11,10,1
16,34,1,26,-10,5.125000000000001,-7,-10,3
16,35,-1,25,-1,1.2500000000000002,11,10,1
16,36,1,24,-8,2.3749999999999996,-13,-10,3
16,37,-1,23,3,4.25,12,10,2
16,38,1,22,0,3.6250000000000004,-10,-10,0
16,39,-1,21,5,4.750000000000001,11,20,9
16,40,1,20,0,2.5000000000000004,-8,-20,12
16,41,-1,19,11,7.375,17,22,5
16,42,1,18,2,3.2499999999999996,-11,-22,11
16,43,-1,17,5,6.499999999999999,16,22,6
16,44,1,16,2,6.625000000000001,-14,-22,8
16,45,-1,15,5,7.875,19,22,3
16,46,1,14,2,7.249999999999999,-16,-22,6
16,47,-1,13,5,8.5,18,22,4
16,48,1,12,0,8.125,-19,-22,3
16,49,-1,11,13,8.5,22,22,0
16,50,1,10,2,9.249999999999998,-22,-22,0
16,51,-1,9,5,8.375,24,22,2
16,52,1,8,-2,8.75,-15,-22,7
16,53,-1,7,9,4.0,25,22,3
16,54,1,6,0,1.375,-21,-18,3
16,55,-1,5,3,1.6249999999999998,24,18,6
16,56,1,4,-2,1.2500000000000002,-17,-18,1
16,57,-1,3,3,2.125,14,18,4
16,58,1,2,-12,3.5,-18,-18,0
16,59,-1,1,-7,2.25,18,18,0
16,60,1,0,-18,11.0,-18,-18,0
17,0,1,60,0,0.0,-4,-1,3
17,1,-1,59,3,1.1249999999999998,4,-1,5
17,2,1,58,0,0.0,-2,0,2
17,3,-1,57,3,1.2500000000000002,5,0,5
17,4,1,56,0,0.0,-2,3,5
17,5,-1,55,3,1.1249999999999998,1,-4,5
17,6,1,54,-2,0.25,3,1,2
17,7,-1,53,1,1.1249999999999998,3,-3,6
17,8,1,52,-2,2.25,3,3,0
17,9,-1,51,1,4.625,-1,-2,1
17,10,1,50,-2,6.374999999999999,1,1,0
17,11,-1,49,1,5.000000000000001,5,1,4
17,12,1,48,-2,2.625,-3,-2,1
17,13,-1,47,1,1.4999999999999998,3,3,0
17,14,1,46,-6,4.875000000000001,-2,-5,3
17,15,-1,45,-3,4.125000000000001,2,4,2
17,16,1,44,-6,4.750000000000001,-2,-5,3
17,17,-1,43,3,0.37499999999999994,5,5,0
17,18,1,42,-2,1.7500000000000002,-1,-7,6
17,19,-1,41,1,1.375,2,5,3
17,20,1,40,-4,3.2499999999999996,-3,-6,3
17,21,-1,39,-1,4.125000000000001,4,6,2
17,22,1,38,-4,3.2499999999999996,1,-5,6
17,23,-1,37,-1,2.125,1,3,2
17,24,1,36,-4,2.5000000000000004,4,4,0
17,25,-1,35,-1,2.125,4,3,1
17,26,1,34,-6,2.9999999999999996,1,0,1
17,27,-1,33,-3,2.625,4,0,4
17,28,1,32,-6,2.75,-4,-2,2
17,29,-1,31,-1,2.875,5,3,2
17,30,1,30,-4,3.5,0,-4,4
17,31,-1,29,3,3.875,8,8,0
17,32,1,28,-2,4.499999999999999,-7,-6,1
17,33,-1,27,7,5.125000000000001,9,6,3
17,34,1,26,4,4.0,-10,-6,4
17,35,-1,25,13,10.375000000000002,8,6,2
17,36,1,24,10,9.249999999999998,0,6,6
17,37,-1,23,13,9.625,0,-6,6
17,38,1,22,10,8.25,4,8,4
17,39,-1,21,15,9.875,-6,-8,2
17,40,1,20,4,7.625000000000001,9,8,1
17,41,-1,19,11,11.75,-6,2,8
17,42,1,18,6,7.625000000000001,5,14,9
17,43,-1,17,15,14.0,-6,-14,8
17,44,1,16,12,12.125,5,20,15
17,45,-1,15,19,12.375,-3,-20,17
17,46,1,14,16,12.25,7,24,17
17,47,-1,13,21,13.625,-4,-24,20
17,48,1,12,14,11.75,3,24,21
17,49,-1,11,19,16.875,-3,-24,21
17,50,1,10,6,13.25,12,24,12
17,51,-1,9,17,9.625,-14,-24,10
17,52,1,8,8,4.375,17,24,7
17,53,-1,7,19,10.625000000000002,-7,-24,17
17,54,1,6,16,10.375000000000002,22,24,2
17,55,-1,5,29,17.0,-23,-24,1
17,56,1,4,14,9.875,27,24,3
17,57,-1,3,25,16.125,-24,-24,0
17,58,1,2,12,8.875,24,24,0
17,59,-1,1,27,15.750000000000002,-24,-24,0
17,60,1,0,24,12.999999999999998,24,24,0
18,0,1,60,0,0.0,-4,-1,3
18,1,-1,59,3,1.1249999999999998,4,-1,5
18,2,1,58,0,0.0,-2,0,2
18,3,-1,57,3,1.1249999999999998,5,1,4
18,4,1,56,0,0.37499999999999994,-1,5,6
18,5,-1,55,3,1.7500000000000002,0,-8,8
18,6,1,54,-4,1.375,4,5,1
18,7,-1,53,-1,1.1249999999999998,-2,-8,6
18,8,1,52,-4,1.2500000000000002,3,7,4
18,9,-1,51,-1,1.375,-2,-9,7
18,10,1,50,-4,1.4999999999999998,6,6,0
18,11,-1,49,1,1.375,-4,-9,5
18,12,1,48,-2,0.7499999999999999,8,8,0
18,13,-1,47,1,1.875,-5,-9,4
18,14,1,46,-4,2.5000000000000004,7,9,2
18,15,-1,45,-1,3.875,-9,-7,2
18,16,1,44,-10,5.749999999999999,14,5,9
18,17,-1,43,-7,4.625,-8,-6,2
18,18,1,42,-10,7.749999999999999,9,5,4
18,19,-1,41,-1,5.375,-6,-7,1
18,20,1,40,-6,6.75,5,7,2
18,21,-1,39,1,5.375,-2,-9,7
18,22,1,38,-2,3.7500000000000004,12,6,6
18,23,-1,37,1,3.375,-4,-6,2
18,24,1,36,-4,2.75,11,12,1
18,25,-1,35,-1,1.375,-5,-5,0
18,26,1,34,-10,2.75,14,8,6
18,27,-1,33,-7,4.0,-7,-9,2
18,28,1,32,-10,5.125000000000001,7,8,1
18,29,-1,31,-7,4.0,-2,-9,7
18,30,1,30,-10,5.125000000000001,6,8,2
18,31,-1,29,-7,3.5,-3,-8,5
18,32,1,28,-16,7.875,4,8,4
18,33,-1,27,-13,7.000000000000001,0,-4,4
18,34,1,26,-16,7.875,2,4,2
18,35,-1,25,-7,4.625,-2,-4,2
18,36,1,24,-14,6.75,6,8,2
18,37,-1,23,-11,4.625,-5,-2,3
18,38,1,22,-14,6.75,6,2,4
18,39,-1,21,-5,5.125000000000001,1,4,3
18,40,1,20,-10,7.5,-1,-4,3
18,41,-1,19,-5,5.625,6,4,2
18,42,1,18,-14,8.25,-6,-4,2
18,43,-1,17,-7,6.125,10,4,6
18,44,1,16,-10,10.25,-7,-4,3
18,45,-1,15,1,2.625,7,4,3
18,46,1,14,-8,4.499999999999999,3,-4,7
18,47,-1,13,-1,11.75,-1,4,5
18,48,1,12,-6,13.5,5,20,15
18,49,-1,11,-1,11.125,-3,-20,17
18,50,1,10,-12,11.0,3,22,19
18,51,-1,9,-5,10.25,-6,-22,16
18,52,1,8,-18,7.5,8,22,14
18,53,-1,7,-15,6.75,-6,-14,8
18,54,1,6,-22,11.375,10,14,4
18,55,-1,5,-19,10.125,-19,-14,5
18,56,1,4,-28,19.500000000000004,23,14,9
18,57,-1,3,-15,13.75,-22,-14,8
18,58,1,3,-15,13.75,22,14,8
18,59,-1,2,-6,5.375,-14,-14,0
18,60,1,2,-6,5.375,14,14,0
18,61,-1,1,-3,7.125,-14,-14,0
18,62,1,1,-3,7.125,14,14,0
18,63,-1,0,14,12.999999999999998,-14,-14,0
19,0,1,60,0,0.0,-4,-1,3
19,1,-1,59,3,1.1249999999999998,4,-1,5
19,2,1,58,0,0.37499999999999994,-2,0,2
19,3,-1,57,3,1.7500000000000002,2,-1,3
19,4,1,56,-2,0.37499999999999994,0,0,0
19,5,-1,55,1,0.5000000000000001,3,-1,4
19,6,1,54,-2,0.6250000000000001,1,2,1
19,7,-1,53,3,0.7499999999999999,5,2,3
19,8,1,52,-2,5.125000000000001,0,5,5
19,9,-1,51,1,5.000000000000001,1,-6,7
19,10,1,50,-2,4.625,4,5,1
19,11,-1,49,1,5.5,1,-8,9
19,12,1,48,-6,5.625,11,15,4
19,13,-1,47,-3,6.25,-4,-14,10
19,14,1,46,-8,8.625,10,14,4
19,15,-1,45,-3,7.375,-12,-15,3
19,16,1,44,-6,6.25,13,14,1
19,17,-1,43,-3,5.125000000000001,-8,-11,3
19,18,1,42,-6,4.499999999999999,13,11,2
19,19,-1,41,-3,4.625,-6,-11,5
19,20,1,40,-6,4.25,9,11,2
19,21,-1,39,-3,4.499999999999999,-7,-12,5
19,22,1,38,-10,5.125000000000001,12,11,1
19,23,-1,37,-7,4.750000000000001,-10,-13,3
19,24,1,36,-16,8.125,14,11,3
19,25,-1,35,-11,4.0,-6,-12,6
19,26,1,34,-18,10.125,13,11,2
19,27,-1,33,-13,5.999999999999999,-11,-13,2
19,28,1,32,-18,7.125,11,11,0
19,29,-1,31,-11,4.499999999999999,-10,-13,3
19,30,1,30,-14,4.625,13,18,5
19,31,-1,29,-9,6.374999999999999,-12,-18,6
19,32,1,28,-14,5.000000000000001,15,22,7
19,33,-1,27,-5,6.374999999999999,-14,-24,10
19,34,1,26,-12,6.499999999999999,19,30,11
19,35,-1,25,-7,5.875000000000001,-15,-30,15
19,36,1,24,-10,9.249999999999998,21,30,9
19,37,-1,23,-7,6.374999999999999,-16,-30,14
19,38,1,22,-14,10.000000000000002,21,34,13
19,39,-1,21,-7,12.375,-12,-18,6
19,40,1,20,-12,10.5,18,22,4
19,41,-1,19,-9,11.75,-7,-12,5
19,42,1,18,-12,11.624999999999998,11,12,1
19,43,-1,17,-9,10.000000000000002,-6,-12,6
19,44,1,16,-16,10.749999999999998,9,14,5
19,45,-1,15,-7,6.125,-1,-4,3
19,46,1,14,-20,16.75,10,18,8
19,47,-1,13,-11,9.625,-7,-18,11
19,48,1,12,-14,9.249999999999998,9,22,13
19,49,-1,11,1,10.000000000000002,-11,-22,11
19,50,1,10,-2,8.875,16,22,6
19,51,-1,9,7,10.25,-15,-16,1
19,52,1,8,0,19.000000000000004,15,18,3
19,53,-1,7,5,18.625,-16,-18,2
19,54,1,6,0,22.875000000000004,15,18,3
19,55,-1,5,7,24.625,-16,-18,2
19,56,1,4,4,25.0,14,18,4
19,57,-1,3,9,26.249999999999996,-14,-18,4
19,58,1,2,6,26.874999999999996,18,18,0
19,59,-1,1,21,40.74999999999999,-18,-18,0
19,60,1,0,18,42.50000000000001,18,18,0
20,0,1,60,0,0.0,-4,-1,3
20,1,-1,59,3,1.1249999999999998,4,-1,5
20,2,1,58,0,0.0,-2,0,2
20,3,-1,57,3,1.1249999999999998,5,1,4
20,4,1,56,-2,1.0,-3,-1,2
20,5,-1,55,1,0.12500000000000003,6,1,5
20,6,1,54,-2,1.375,-4,-2,2
20,7,-1,53,1,0.7499999999999999,5,1,4
20,8,1,52,-2,1.0,0,-2,2
20,9,-1,51,1,2.125,1,1,0
20,10,1,50,-2,2.25,-2,-2,0
20,11,-1,49,1,2.3749999999999996,3,1,2
20,12,1,48,-2,2.75,0,-2,2
20,13,-1,47,1,2.125,4,1,3
20,14,1,46,-2,2.5000000000000004,-1,-2,1
20,15,-1,45,1,2.125,3,2,1
20,16,1,44,-4,3.375,-3,-3,0
20,17,-1,43,5,5.749999999999999,4,1,3
20,18,1,42,2,5.375,-2,-2,0
20,19,-1,41,5,5.749999999999999,6,0,6
20,20,1,40,-2,4.375,-2,-2,0
20,21,-1,39,3,9.0,2,0,2
20,22,1,38,0,9.375,-3,-2,1
20,23,-1,37,5,11.999999999999998,9,1,8
20,24,1,36,0,7.625000000000001,-7,-2,5
20,25,-1,35,7,9.499999999999998,6,0,6
20,26,1,34,0,12.875,-5,-3,2
20,27,-1,33,5,11.0,5,1,4
20,28,1,32,2,11.875,-5,-2,3
20,29,-1,31,7,12.999999999999998,9,1,8
20,30,1,30,-8,8.625,-8,-2,6
20,31,-1,29,-5,7.5,8,2,6
20,32,1,28,-8,8.25,-7,-2,5
20,33,-1,27,-5,7.875,7,2,5
20,34,1,26,-10,9.125,-7,-2,5
20,35,-1,25,1,4.875000000000001,7,2,5
20,36,1,24,-4,2.75,-7,-2,5
20,37,-1,23,5,7.875,8,2,6
20,38,1,22,-4,2.0000000000000004,-5,-2,3
20,39,-1,21,1,1.875,11,2,9
20,40,1,20,-2,2.0000000000000004,-8,-2,6
20,41,-1,19,1,2.3749999999999996,12,2,10
20,42,1,18,-4,2.75,-7,-2,5
20,43,-1,17,-1,3.5,8,2,6
20,44,1,16,-14,4.875000000000001,0,-2,2
20,45,-1,15,-9,2.9999999999999996,5,2,3
20,46,1,14,-14,4.375,0,2,2
20,47,-1,13,-5,4.0,8,-2,10
20,48,1,12,-14,7.375,1,12,11
20,49,-1,11,-5,2.9999999999999996,-3,-12,9
20,50,1,10,-10,4.375,8,16,8
20,51,-1,9,3,5.625,-5,-16,11
20,52,1,8,-10,4.25,8,16,8
20,53,-1,7,1,1.1249999999999998,-6,-16,10
20,54,1,6,-6,4.0,6,16,10
20,55,-1,5,7,11.75,-11,-16,5
20,56,1,4,0,14.0,10,16,6
20,57,-1,3,3,16.125,-19,-16,3
20,58,1,2,-2,17.0,16,16,0
20,59,-1,1,1,17.25,-16,-16,0
20,60,1,1,1,17.25,16,16,0
20,61,-1,0,16,22.5,-16,-16,0
21,0,1,60,0,0.0,-4,-1,3
21,1,-1,59,3,1.1249999999999998,4,-1,5
21,2,1,58,0,0.0,-2,0,2
21,3,-1,57,3,1.2500000000000002,5,0,5
21,4,1,56,0,0.37499999999999994,-1,-1,0
21,5,-1,55,3,1.2500000000000002,3,0,3
21,6,1,54,0,0.37499999999999994,1,-1,2
21,7,-1,53,5,4.25,2,-1,3
21,8,1,52,-4,2.3749999999999996,4,2,2
21,9,-1,51,-1,1.0,-2,-2,0
21,10,1,50,-4,2.875,4,5,1
21,11,-1,49,1,1.6249999999999998,-3,-5,2
21,12,1,48,-2,2.75,2,6,4
21,13,-1,47,3,2.125,-1,-7,6
21,14,1,46,0,1.7500000000000002,5,9,4
21,15,-1,45,3,0.875,-1,-11,10
21,16,1,44,-6,5.25,10,9,1
21,17,-1,43,-3,4.875000000000001,-5,-5,0
21,18,1,42,-6,6.25,7,3,4
21,19,-1,41,-1,5.875000000000001,-5,-4,1
21,20,1,40,-4,5.749999999999999,11,5,6
21,21,-1,39,-1,5.375,-9,-8,1
21,22,1,38,-4,5.5,12,14,2
21,23,-1,37,-1,5.625,1,-16,17
21,24,1,36,-4,5.375,6,15,9
21,25,-1,35,-1,6.25,-9,-13,4
21,26,1,34,-12,10.125,15,21,6
21,27,-1,33,-7,11.999999999999998,-15,-25,10
21,28,1,32,-12,12.625,20,37,17
21,29,-1,31,3,11.5,-15,-34,19
21,30,1,30,0,11.375,17,40,23
21,31,-1,29,3,9.499999999999998,-16,-40,24
21,32,1,28,-6,14.625000000000002,19,50,31
21,33,-1,27,-1,13.75,-10,-30,20
21,34,1,26,-4,14.125,18,30,12
21,35,-1,25,3,10.5,-17,-30,13
21,36,1,24,0,11.375,19,34,15
21,37,-1,23,9,8.5,-18,-30,12
21,38,1,22,4,13.75,21,30,9
21,39,-1,21,9,12.375,-12,-30,18
21,40,1,20,0,12.750000000000002,27,30,3
21,41,-1,19,13,8.375,-19,-24,5
21,42,1,18,4,13.124999999999998,27,30,3
21,43,-1,17,11,13.375,-26,-30,4
21,44,1,16,0,12.25,36,32,4
21,45,-1,15,7,10.375000000000002,-16,-28,12
21,46,1,14,4,11.250000000000002,28,28,0
21,47,-1,13,9,12.125,-9,-28,19
21,48,1,12,-2,12.875,16,34,18
21,49,-1,11,13,11.5,-10,-34,24
21,50,1,10,8,11.125,12,38,26
21,51,-1,9,11,13.5,-23,-38,15
21,52,1,8,4,10.749999999999998,24,38,14
21,53,-1,7,9,10.625000000000002,-31,-38,7
21,54,1,6,2,7.249999999999999,29,38,9
21,55,-1,5,7,8.125,-36,-38,2
21,56,1,4,0,12.875,40,38,2
21,57,-1,3,5,13.75,-38,-38,0
21,58,1,3,5,13.75,38,38,0
21,59,-1,2,12,11.5,-38,-38,0
21,60,1,2,12,11.5,38,38,0
21,61,-1,1,25,30.750000000000004,-38,-38,0
21,62,1,1,25,30.750000000000004,38,38,0
21,63,-1,0,38,44.5,-38,-38,0
22,0,1,60,0,0.0,-4,-1,3
22,1,-1,59,3,1.1249999999999998,4,-1,5
22,2,1,58,0,0.0,-2,0,2
22,3,-1,57,3,1.1249999999999998,5,1,4
22,4,1,56,-2,1.0,-3,-1,2
22,5,-1,55,1,0.12500000000000003,6,1,5
22,6,1,54,-2,1.375,-4,-2,2
22,7,-1,53,1,0.7499999999999999,5,1,4
22,8,1,52,-2,2.5000000000000004,-3,0,3
22,9,-1,51,3,3.1250000000000004,1,-1,2
22,10,1,50,-2,3.375,0,0,0
22,11,-1,49,1,3.5,0,-3,3
22,12,1,48,-4,2.625,1,1,0
22,13,-1,47,5,8.000000000000002,1,-2,3
22,14,1,46,2,7.625000000000001,1,1,0
22,15,-1,45,5,8.000000000000002,4,-3,7
22,16,1,44,-2,7.125,-1,1,2
22,17,-1,43,1,8.000000000000002,0,-3,3
22,18,1,42,-2,8.875,-1,1,2
22,19,-1,41,1,6.499999999999999,-1,-1,0
22,20,1,40,-8,9.125,3,1,2
22,21,-1,39,-5,9.249999999999998,0,-4,4
22,22,1,38,-10,7.125,2,2,0
22,23,-1,37,-7,5.5,0,-3,3
22,24,1,36,-10,5.125000000000001,2,2,0
22,25,-1,35,-7,4.25,0,1,1
22,26,1,34,-10,7.125,3,-3,6
22,27,-1,33,-5,4.25,7,2,5
22,28,1,32,-8,4.875000000000001,-3,-6,3
22,29,-1,31,-1,4.750000000000001,5,1,4
22,30,1,30,-10,10.875,0,-4,4
22,31,-1,29,-5,9.75,1,4,3
22,32,1,28,-8,10.5,2,-4,6
22,33,-1,27,-5,9.125,7,4,3
22,34,1,26,-16,12.375,-3,-4,1
22,35,-1,25,-5,7.125,4,4,0
22,36,1,24,-10,5.999999999999999,-5,-4,1
22,37,-1,23,-7,3.375,7,6,1
22,38,1,22,-10,4.0,-5,-6,1
22,39,-1,21,-7,3.1250000000000004,11,6,5
22,40,1,20,-10,5.5,-5,-2,3
22,41,-1,19,-1,8.625,15,6,9
22,42,1,18,-6,11.0,-11,-6,5
22,43,-1,17,7,7.749999999999999,10,6,4
22,44,1,16,4,7.125,-6,-4,2
22,45,-1,15,7,9.0,11,6,5
22,46,1,14,-6,7.625000000000001,-9,-6,3
22,47,-1,13,-3,9.0,10,6,4
22,48,1,12,-6,8.875,-6,-4,2
22,49,-1,11,-1,9.625,6,6,0
22,50,1,10,-6,8.875,-5,-6,1
22,51,-1,9,5,15.124999999999998,6,8,2
22,52,1,8,2,12.750000000000002,-3,-8,5
22,53,-1,7,13,15.124999999999998,11,8,3
22,54,1,6,-2,5.749999999999999,-4,-8,4
22,55,-1,5,3,7.375,9,8,1
22,56,1,4,-4,4.750000000000001,-10,-8,2
22,57,-1,3,5,4.625,16,8,8
22,58,1,2,-2,4.375,-8,-8,0
22,59,-1,1,1,6.625000000000001,8,8,0
22,60,1,0,-8,6.499999999999999,-8,-8,0
23,0,1,60,0,0.0,-4,-1,3
23,1,-1,59,3,1.1249999999999998,4,-1,5
23,2,1,58,0,0.0,-2,0,2
23,3,-1,57,3,1.2500000000000002,5,0,5
23,4,1,56,0,0.37499999999999994,-1,-1,0
23,5,-1,55,3,1.2500000000000002,3,0,3
23,6,1,54,0,0.37499999999999994,1,-1,2
23,7,-1,53,3,2.125,2,0,2
23,8,1,52,-4,3.2499999999999996,7,3,4
23,9,-1,51,-1,3.5,-1,-3,2
23,10,1,50,-4,6.875,1,2,1
23,11,-1,49,-1,6.499999999999999,-2,-3,1
23,12,1,48,-4,6.875,2,2,0
23,13,-1,47,1,4.0,0,-4,4
23,14,1,46,-6,8.625,2,1,1
23,15,-1,45,-3,7.749999999999999,-1,-4,3
23,16,1,44,-6,8.625,5,1,4
23,17,-1,43,1,7.249999999999999,-2,-2,0
23,18,1,42,-2,8.125,1,2,1
23,19,-1,41,1,9.0,-2,-4,2
23,20,1,40,-2,6.625000000000001,1,1,0
23,21,-1,39,7,9.249999999999998,-3,-3,0
23,22,1,38,2,6.625000000000001,6,3,3
23,23,-1,37,9,3.5,-2,-5,3
23,24,1,36,4,2.75,4,3,1
23,25,-1,35,7,2.125,-3,-4,1
23,26,1,34,0,3.7500000000000004,5,2,3
23,27,-1,33,3,2.875,-1,-4,3
23,28,1,32,-2,5.25,1,2,1
23,29,-1,31,7,4.125000000000001,1,-3,4
23,30,1,30,4,4.25,0,4,4
23,31,-1,29,7,4.375,1,-4,5
23,32,1,28,2,8.625,-1,4,5
23,33,-1,27,5,8.5,3,-4,7
23,34,1,26,-4,9.125,5,8,3
23,35,-1,25,5,2.9999999999999996,-3,2,5
23,36,1,24,2,2.3749999999999996,8,16,8
23,37,-1,23,9,5.000000000000001,-8,-16,8
23,38,1,22,4,6.125,9,16,7
23,39,-1,21,9,5.749999999999999,-9,-16,7
23,40,1,20,0,6.125,12,16,4
23,41,-1,19,3,7.249999999999999,-13,-16,3
23,42,1,18,-10,8.125,14,18,4
23,43,-1,17,-3,5.5,-7,-18,11
23,44,1,16,-6,4.375,14,20,6
23,45,-1,15,-3,4.625,-17,-20,3
23,46,1,14,-12,13.75,21,26,5
23,47,-1,13,-9,12.375,-22,-26,4
23,48,1,12,-14,14.749999999999998,23,32,9
23,49,-1,11,1,17.999999999999996,-21,-24,3
23,50,1,10,-6,19.75,21,24,3
23,51,-1,9,7,14.625000000000002,-14,-8,6
23,52,1,8,-2,18.375000000000004,23,26,3
23,53,-1,7,5,17.625,-18,-26,8
23,54,1,6,-6,14.25,31,28,3
23,55,-1,5,15,8.125,-31,-28,3
23,56,1,5,15,8.125,31,28,3
23,57,-1,4,20,8.75,-27,-26,1
23,58,1,3,17,8.625,24,26,2
23,59,-1,2,32,20.875000000000004,-26,-26,0
23,60,1,1,25,17.25,28,28,0
23,61,-1,0,28,20.500000000000004,-28,-28,0
24,0,1,60,0,0.0,-4,-1,3
24,1,-1,59,3,1.1249999999999998,4,-1,5
24,2,1,58,0,0.37499999999999994,-2,0,2
24,3,-1,57,3,1.7500000000000002,2,-1,3
24,4,1,56,-2,0.37499999999999994,0,0,0
24,5,-1,55,1,0.5000000000000001,3,-1,4
24,6,1,54,-2,0.6250000000000001,1,2,1
24,7,-1,53,1,1.0,2,-4,6
24,8,1,52,-4,1.6249999999999998,3,1,2
24,9,-1,51,1,0.37499999999999994,-1,-4,3
24,10,1,50,-2,1.2500000000000002,4,6,2
24,11,-1,49,1,0.37499999999999994,-4,-7,3
24,12,1,48,-2,1.2500000000000002,6,8,2
24,13,-1,47,1,0.37499999999999994,-6,-9,3
24,14,1,46,-4,1.2500000000000002,8,7,1
24,15,-1,45,-1,2.125,-7,-10,3
24,16,1,44,-8,6.75,9,7,2
24,17,-1,43,-5,6.125,-7,-10,3
24,18,1,42,-10,8.75,9,8,1
24,19,-1,41,-5,9.375,-6,-10,4
24,20,1,40,-8,9.499999999999998,9,8,1
24,21,-1,39,-1,6.374999999999999,-6,-3,3
24,22,1,38,-4,6.75,3,1,2
24,23,-1,37,7,8.375,-1,6,7
24,24,1,36,0,9.249999999999998,11,-3,14
24,25,-1,35,3,11.125,-9,2,11
24,26,1,34,0,13.25,5,-3,8
24,27,-1,33,9,5.875000000000001,-2,2,4
24,28,1,32,6,7.249999999999999,9,-1,10
24,29,-1,31,9,6.125,-3,2,5
24,30,1,30,0,8.375,13,6,7
24,31,-1,29,7,7.5,2,10,8
24,32,1,28,0,10.749999999999998,9,-6,15
24,33,-1,27,11,10.875,0,12,12
24,34,1,26,8,12.25,1,-12,13
24,35,-1,25,13,11.624999999999998,7,12,5
24,36,1,24,10,10.875,-6,-12,6
24,37,-1,23,17,12.999999999999998,8,14,6
24,38,1,22,12,14.125,-8,-14,6
24,39,-1,21,21,12.25,12,16,4
24,40,1,20,16,11.875,-11,-16,5
24,41,-1,19,21,12.750000000000002,15,16,1
24,42,1,18,18,13.124999999999998,-5,-12,7
24,43,-1,17,23,18.750000000000004,7,12,5
24,44,1,16,20,19.375,-3,-6,3
24,45,-1,15,25,20.25,5,12,7
24,46,1,14,12,9.125,3,-12,15
24,47,-1,13,19,10.000000000000002,2,26,24
24,48,1,12,16,7.875,-2,-26,24
24,49,-1,11,25,15.000000000000002,1,26,25
24,50,1,10,14,12.25,-3,-26,23
24,51,-1,9,17,11.5,12,32,20
24,52,1,8,12,12.375,-1,-28,27
24,53,-1,7,15,12.500000000000002,1,28,27
24,54,1,6,2,9.875,3,-28,31
24,55,-1,5,7,7.125,-11,28,39
24,56,1,4,2,9.0,-3,-28,25
24,57,-1,3,7,6.25,18,28,10
24,58,1,2,-4,1.4999999999999998,-28,-28,0
24,59,-1,2,-4,1.4999999999999998,28,28,0
24,60,1,1,-15,12.750000000000002,-28,-28,0
24,61,-1,1,-15,12.750000000000002,28,28,0
24,62,1,0,-28,19.500000000000004,-28,-28,0
25,0,1,60,0,0.0,-4,-1,3
25,1,-1,59,3,1.1249999999999998,4,-1,5
25,2,1,58,0,0.0,-2,0,2
25,3,-1,57,3,1.2500000000000002,5,0,5
25,4,1,56,0,0.37499999999999994,-1,-1,0
25,5,-1,55,3,1.2500000000000002,3,0,3
25,6,1,54,0,0.37499999999999994,1,-1,2
25,7,-1,53,3,2.125,2,0,2
25,8,1,52,-2,2.25,5,0,5
25,9,-1,51,1,1.1249999999999998,2,4,2
25,10,1,50,-4,4.0,-1,-6,5
25,11,-1,49,1,1.1249999999999998,4,8,4
25,12,1,48,-4,5.5,-4,-9,5
25,13,-1,47,-1,6.125,6,9,3
25,14,1,46,-4,7.249999999999999,-6,-11,5
25,15,-1,45,-1,6.125,5,9,4
25,16,1,44,-8,9.249999999999998,0,-8,8
25,17,-1,43,1,1.875,8,14,6
25,18,1,42,-2,3.1250000000000004,-9,-17,8
25,19,-1,41,3,2.5000000000000004,11,17,6
25,20,1,40,0,1.6249999999999998,-9,-19,10
25,21,-1,39,5,1.2500000000000002,16,16,0
25,22,1,38,2,0.5000000000000001,-16,-19,3
25,23,-1,37,7,2.3749999999999996,19,21,2
25,24,1,36,2,0.7499999999999999,-15,-18,3
25,25,-1,35,5,1.6249999999999998,17,18,1
25,26,1,34,0,2.0000000000000004,-14,-16,2
25,27,-1,33,7,3.6250000000000004,20,21,1
25,28,1,32,2,2.75,-17,-25,8
25,29,-1,31,5,2.125,20,22,2
25,30,1,30,2,2.5000000000000004,-19,-26,7
25,31,-1,29,7,3.6250000000000004,19,26,7
25,32,1,28,4,3.2499999999999996,-22,-26,4
25,33,-1,27,11,6.125,21,26,5
25,34,1,26,8,3.7500000000000004,-24,-26,2
25,35,-1,25,17,10.875,34,34,0
25,36,1,24,14,11.999999999999998,-21,-26,5
25,37,-1,23,19,12.375,29,36,7
25,38,1,22,10,9.0,-26,-36,10
25,39,-1,21,15,11.250000000000002,28,42,14
25,40,1,20,8,9.125,-19,-42,23
25,41,-1,19,19,10.000000000000002,24,42,18
25,42,1,18,16,6.125,-19,-42,23
25,43,-1,17,25,14.25,25,42,17
25,44,1,16,20,10.625000000000002,-18,-40,22
25,45,-1,15,23,11.0,24,40,16
25,46,1,14,16,7.375,-20,-36,16
25,47,-1,13,19,9.249999999999998,25,36,11
25,48,1,12,14,8.5,-22,-36,14
25,49,-1,11,21,14.125,25,36,11
25,50,1,10,18,11.250000000000002,-27,-36,9
25,51,-1,9,25,16.500000000000004,34,36,2
25,52,1,8,14,8.75,-30,-36,6
25,53,-1,7,17,11.0,35,36,1
25,54,1,6,8,6.25,-28,-36,8
25,55,-1,5,17,15.124999999999998,39,40,1
25,56,1,4,12,9.0,-31,-40,9
25,57,-1,4,12,9.0,31,40,9
25,58,1,3,-7,7.125,-46,-40,6
25,59,-1,3,-7,7.125,46,40,6
25,60,1,2,-10,8.875,-40,-40,0
25,61,-1,2,-10,8.875,40,40,0
25,62,1,1,-25,10.625000000000002,-40,-40,0
25,63,-1,1,-25,10.625000000000002,40,40,0
25,64,1,0,-40,29.5,-40,-40,0
26,0,1,60,0,0.0,-4,-1,3
26,1,-1,59,3,1.1249999999999998,4,-1,5
26,2,1,58,0,0.0,-2,0,2
26,3,-1,57,3,1.2500000000000002,5,0,5
26,4,1,56,0,0.37499999999999994,-1,-1,0
26,5,-1,55,3,1.2500000000000002,3,0,3
26,6,1,54,0,0.37499999999999994,1,-1,2
26,7,-1,53,3,2.125,2,0,2
26,8,1,52,0,0.37499999999999994,-1,-2,1
26,9,-1,51,3,1.2500000000000002,1,1,0
26,10,1,50,-2,0.875,0,-2,2
26,11,-1,49,3,0.7499999999999999,3,1,2
26,12,1,48,0,0.875,2,2,0
26,13,-1,47,5,5.5,0,-4,4
26,14,1,46,-4,0.6250000000000001,3,2,1
26,15,-1,45,1,1.4999999999999998,-4,-4,0
26,16,1,44,-2,1.875,2,2,0
26,17,-1,43,1,2.0000000000000004,-3,-4,1
26,18,1,42,-6,1.875,5,2,3
26,19,-1,41,-3,2.0000000000000004,-2,-3,1
26,20,1,40,-10,6.875,6,3,3
26,21,-1,39,-5,4.625,-4,-1,3
26,22,1,38,-8,4.750000000000001,6,5,1
26,23,-1,37,-3,6.625000000000001,-2,-5,3
26,24,1,36,-6,5.749999999999999,2,8,6
26,25,-1,35,3,3.875,-2,-9,7
26,26,1,34,-2,2.25,3,7,4
26,27,-1,33,3,4.125000000000001,-4,-9,5
26,28,1,32,-2,5.000000000000001,6,9,3
26,29,-1,31,1,4.125000000000001,-2,-10,8
26,30,1,30,-2,5.25,4,10,6
26,31,-1,29,5,11.875,-7,-10,3
26,32,1,28,0,9.499999999999998,10,16,6
26,33,-1,27,3,12.875,-12,-16,4
26,34,1,26,-2,15.750000000000002,15,18,3
26,35,-1,25,1,14.625000000000002,-14,-16,2
26,36,1,24,-10,10.25,17,16,1
26,37,-1,23,-5,10.875,-15,-16,1
26,38,1,22,-16,11.75,18,20,2
26,39,-1,21,-13,9.375,-14,-18,4
26,40,1,20,-18,8.75,20,30,10
26,41,-1,19,-11,6.625000000000001,-15,-30,15
26,42,1,18,-20,11.875,18,36,18
26,43,-1,17,-17,10.5,-16,-36,20
26,44,1,16,-28,21.875000000000004,16,36,20
26,45,-1,15,-25,17.0,-16,-36,20
26,46,1,14,-30,23.25,17,36,19
26,47,-1,13,-27,21.125,-7,-32,25
26,48,1,12,-32,28.375,21,32,11
26,49,-1,11,-21,17.0,-17,-32,15
26,50,1,10,-28,27.749999999999996,32,32,0
26,51,-1,9,-11,19.624999999999996,-25,-32,7
26,52,1,8,-18,18.5,34,32,2
26,53,-1,7,-11,13.75,-42,-32,10
26,54,1,7,-11,13.75,42,32,10
26,55,-1,6,-6,12.500000000000002,-41,-32,9
26,56,1,5,-9,13.124999999999998,45,32,13
26,57,-1,4,8,19.375,-33,-32,1
26,58,1,3,5,19.250000000000004,38,32,6
26,59,-1,2,16,21.875000000000004,-32,-32,0
26,60,1,2,16,21.875000000000004,32,32,0
26,61,-1,1,19,22.624999999999996,-32,-32,0
26,62,1,1,19,22.624999999999996,32,32,0
26,63,-1,0,32,31.5,-32,-32,0
27,0,1,60,0,0.0,-4,-1,3
27,1,-1,59,3,1.1249999999999998,4,-1,5
27,2,1,58,0,0.0,-2,0,2
27,3,-1,57,3,1.2500000000000002,5,0,5
27,4,1,56,0,0.37499999999999994,-1,-1,0
27,5,-1,55,3,1.2500000000000002,3,0,3
27,6,1,54,0,0.37499999999999994,1,-1,2
27,7,-1,53,5,4.25,2,-1,3
27,8,1,52,2,4.375,1,-1,2
27,9,-1,51,7,4.750000000000001,2,0,2
27,10,1,50,2,4.375,-1,-1,0
27,11,-1,49,5,4.499999999999999,1,-2,3
27,12,1,48,-4,1.375,-1,2,3
27,13,-1,47,3,1.1249999999999998,0,-3,3
27,14,1,46,0,1.7500000000000002,1,1,0
27,15,-1,45,3,3.6250000000000004,-3,-4,1
27,16,1,44,0,2.25,5,2,3
27,17,-1,43,3,3.375,-3,-4,1
27,18,1,42,-2,2.125,2,2,0
27,19,-1,41,3,3.375,0,-1,1
27,20,1,40,-2,3.2499999999999996,0,0,0
27,21,-1,39,3,3.6250000000000004,1,-2,3
27,22,1,38,-4,3.7500000000000004,7,8,1
27,23,-1,37,5,7.375,-5,-10,5
27,24,1,36,-6,2.75,9,9,0
27,25,-1,35,-3,1.6249999999999998,-1,-3,2
27,26,1,34,-6,2.75,7,4,3
27,27,-1,33,-3,2.3749999999999996,-6,-7,1
27,28,1,32,-6,2.75,8,5,3
27,29,-1,31,-1,1.875,-8,-8,0
27,30,1,30,-8,2.9999999999999996,9,6,3
27,31,-1,29,-3,3.875,-5,0,5
27,32,1,28,-6,4.0,6,4,2
27,33,-1,27,-3,3.875,-3,-4,1
27,34,1,26,-8,6.75,4,4,0
27,35,-1,25,3,3.1250000000000004,-3,-4,1
27,36,1,24,-6,3.7500000000000004,3,8,5
27,37,-1,23,-1,2.875,-1,6,7
27,38,1,22,-8,6.75,7,18,11
27,39,-1,21,-5,4.875000000000001,-7,-18,11
27,40,1,20,-8,6.25,13,20,7
27,41,-1,19,-1,10.625000000000002,-13,-20,7
27,42,1,18,-12,8.75,26,26,0
27,43,-1,17,-5,6.125,-27,-26,1
27,44,1,16,-16,9.499999999999998,23,26,3
27,45,-1,15,-7,11.624999999999998,-21,-26,5
27,46,1,14,-22,11.5,22,44,22
27,47,-1,13,-15,10.749999999999998,-28,-44,16
27,48,1,12,-22,16.375000000000004,32,44,12
27,49,-1,11,-17,15.625,-35,-44,9
27,50,1,10,-20,16.0,40,44,4
27,51,-1,9,-7,12.750000000000002,-41,-44,3
27,52,1,8,-16,17.5,44,44,0
27,53,-1,7,-3,14.749999999999998,-42,-44,2
27,54,1,6,-6,13.375,44,44,0
27,55,-1,5,5,10.625000000000002,-50,-44,6
27,56,1,5,5,10.625000000000002,50,44,6
27,57,-1,4,26,20.000000000000004,-45,-44,1
27,58,1,4,26,20.000000000000004,45,44,1
27,59,-1,3,31,23.625,-46,-44,2
27,60,1,3,31,23.625,46,44,2
27,61,-1,2,36,31.874999999999996,-44,-44,0
27,62,1,1,33,27.749999999999996,44,44,0
27,63,-1,0,44,35.0,-44,-44,0
28,0,1,60,0,0.0,-4,-1,3
28,1,-1,59,3,1.1249999999999998,4,-1,5
28,2,1,58,0,0.0,-2,0,2
28,3,-1,57,3,1.2500000000000002,5,0,5
28,4,1,56,0,0.37499999999999994,-1,-1,0
28,5,-1,55,3,1.2500000000000002,3,0,3
28,6,1,54,0,0.37499999999999994,1,-1,2
28,7,-1,53,3,2.125,2,0,2
28,8,1,52,0,0.37499999999999994,-1,-2,1
28,9,-1,51,5,1.4999999999999998,3,3,0
28,10,1,50,0,0.6250000000000001,0,-4,4
28,11,-1,49,5,4.499999999999999,2,3,1
28,12,1,48,2,4.625,1,5,4
28,13,-1,47,5,5.749999999999999,1,-6,7
28,14,1,46,0,5.125000000000001,5,6,1
28,15,-1,45,5,8.000000000000002,-4,-3,1
28,16,1,44,0,5.125000000000001,6,5,1
28,17,-1,43,3,4.750000000000001,-4,-3,1
28,18,1,42,0,6.125,4,2,2
28,19,-1,41,3,6.499999999999999,-3,-3,0
28,20,1,40,0,8.625,7,8,1
28,21,-1,39,3,7.249999999999999,-2,-6,4
28,22,1,38,0,9.125,3,6,3
28,23,-1,37,11,8.5,-2,-6,4
28,24,1,36,4,1.875,4,6,2
28,25,-1,35,9,4.0,-1,-7,6
28,26,1,34,4,4.125000000000001,2,6,4
28,27,-1,33,9,8.25,-2,-3,1
28,28,1,32,4,11.624999999999998,3,6,3
28,29,-1,31,13,7.000000000000001,4,-1,5
28,30,1,30,8,8.125,-1,0,1
28,31,-1,29,11,7.749999999999999,4,0,4
28,32,1,28,2,4.625,2,2,0
28,33,-1,27,9,4.0,3,-2,5
28,34,1,26,2,1.1249999999999998,3,2,1
28,35,-1,25,9,2.875,-4,-2,2
28,36,1,24,6,3.2499999999999996,6,2,4
28,37,-1,23,9,3.1250000000000004,0,6,6
28,38,1,22,6,3.5,-1,-6,5
28,39,-1,21,11,4.625,0,6,6
28,40,1,20,8,4.0,4,-6,10
28,41,-1,19,19,9.125,7,6,1
28,42,1,18,14,7.249999999999999,-4,-6,2
28,43,-1,17,21,12.625,10,6,4
28,44,1,16,18,9.875,-9,-6,3
28,45,-1,15,23,14.25,13,6,7
28,46,1,14,18,10.875,-11,-6,5
28,47,-1,13,23,17.5,18,6,12
28,48,1,12,14,10.625000000000002,-11,-6,5
28,49,-1,11,19,10.875,13,6,7
28,50,1,10,6,2.75,-2,-6,4
28,51,-1,9,11,3.1250000000000004,9,6,3
28,52,1,8,2,1.875,0,-6,6
28,53,-1,7,11,6.125,1,6,5
28,54,1,6,6,4.750000000000001,1,-6,7
28,55,-1,5,29,19.500000000000004,9,6,3
28,56,1,4,20,13.875,-11,-6,5
28,57,-1,3,23,15.124999999999998,15,6,9
28,58,1,2,6,2.875,-6,-6,0
28,59,-1,2,6,2.875,6,6,0
28,60,1,1,-1,1.7500000000000002,-6,-6,0
28,61,-1,1,-1,1.7500000000000002,6,6,0
28,62,1,0,-6,2.0000000000000004,-6,-6,0
29,0,1,60,0,0.0,-4,-1,3
29,1,-1,59,3,1.1249999999999998,4,-1,5
29,2,1,58,0,0.0,-2,0,2
29,3,-1,57,3,1.1249999999999998,6,0,6
29,4,1,56,0,0.0,-1,-1,0
29,5,-1,55,3,1.1249999999999998,5,2,3
29,6,1,54,-2,1.0,-2,-3,1
29,7,-1,53,3,0.7499999999999999,9,10,1
29,8,1,52,0,1.375,-9,-11,2
29,9,-1,51,5,5.125000000000001,12,15,3
29,10,1,50,2,3.2499999999999996,-7,-11,4
29,11,-1,49,7,4.125000000000001,9,12,3
29,12,1,48,2,0.875,-10,-12,2
29,13,-1,47,7,3.5,14,13,1
29,14,1,46,2,1.375,-12,-11,1
29,15,-1,45,5,3.2499999999999996,11,10,1
29,16,1,44,0,2.5000000000000004,-11,-11,0
29,17,-1,43,7,3.6250000000000004,10,9,1
29,18,1,42,2,2.75,-8,-9,1
29,19,-1,41,9,7.375,12,9,3
29,20,1,40,2,1.7500000000000002,-11,-10,1
29,21,-1,39,7,1.6249999999999998,17,14,3
29,22,1,38,4,0.7499999999999999,-15,-14,1
29,23,-1,37,7,2.3749999999999996,14,14,0
29,24,1,36,-2,0.5000000000000001,-14,-15,1
29,25,-1,35,3,2.125,19,20,1
29,26,1,34,0,3.5,-18,-19,1
29,27,-1,33,3,3.375,18,19,1
29,28,1,32,-4,5.749999999999999,-4,-20,16
29,29,-1,31,1,6.125,19,18,1
29,30,1,30,-2,4.750000000000001,-10,-20,10
29,31,-1,29,3,3.875,26,24,2
29,32,1,28,-2,5.25,-12,-18,6
29,33,-1,27,3,8.625,28,24,4
29,34,1,26,-2,11.75,-13,-22,9
29,35,-1,25,7,7.375,31,34,3
29,36,1,24,4,9.0,-25,-34,9
29,37,-1,23,7,7.875,28,36,8
29,38,1,22,0,13.5,-17,-26,9
29,39,-1,21,5,11.875,30,32,2
29,40,1,20,2,11.125,-20,-22,2
29,41,-1,19,5,10.5,19,22,3
29,42,1,18,-4,10.375000000000002,-11,-18,7
29,43,-1,17,9,7.5,18,24,6
29,44,1,16,0,3.875,-5,-12,7
29,45,-1,15,13,8.000000000000002,7,12,5
29,46,1,14,6,8.125,-2,-12,10
29,47,-1,13,17,19.000000000000004,8,16,8
29,48,1,12,14,19.250000000000004,-11,-16,5
29,49,-1,11,19,22.375000000000004,7,18,11
29,50,1,10,6,10.125,-10,-18,8
29,51,-1,9,13,10.375000000000002,10,20,10
29,52,1,8,6,8.25,-10,-20,10
29,53,-1,7,11,13.124999999999998,15,22,7
29,54,1,6,8,9.499999999999998,-16,-22,6
29,55,-1,5,11,8.75,20,24,4
29,56,1,4,-2,16.0,-22,-24,2
29,57,-1,3,7,17.25,31,24,7
29,58,1,2,-14,36.5,-24,-24,0
29,59,-1,1,-11,32.125,24,24,0
29,60,1,0,-24,45.5,-24,-24,0
30,0,1,60,0,0.0,-4,-1,3
30,1,-1,59,3,1.1249999999999998,4,-1,5
30,2,1,58,0,0.0,-2,0,2
30,3,-1,57,3,1.2500000000000002,5,0,5
30,4,1,56,0,0.37499999999999994,-1,-1,0
30,5,-1,55,3,1.2500000000000002,3,0,3
30,6,1,54,0,0.37499999999999994,1,-1,2
30,7,-1,53,5,4.25,2,-1,3
30,8,1,52,2,4.375,1,-1,2
30,9,-1,51,7,4.750000000000001,2,0,2
30,10,1,50,-2,0.875,2,-1,3
30,11,-1,49,3,1.6249999999999998,4,1,3
30,12,1,48,-2,0.5000000000000001,3,-2,5
30,13,-1,47,3,4.625,1,4,3
30,14,1,46,-2,2.0000000000000004,-2,-5,3
30,15,-1,45,1,1.6249999999999998,4,7,3
30,16,1,44,-2,2.9999999999999996,-4,-8,4
30,17,-1,43,1,1.6249999999999998,5,8,3
30,18,1,42,-2,3.2499999999999996,-1,-8,7
30,19,-1,41,3,4.625,4,10,6
30,20,1,40,-2,0.875,-5,-12,7
30,21,-1,39,3,1.4999999999999998,9,9,0
30,22,1,38,-6,4.375,-4,-11,7
30,23,-1,37,5,1.0,11,14,3
30,24,1,36,-2,3.6250000000000004,-9,-17,8
30,25,-1,35,5,1.0,13,14,1
30,26,1,34,0,0.37499999999999994,-10,-12,2
30,27,-1,33,9,5.000000000000001,17,14,3
30,28,1,32,6,2.875,-17,-18,1
30,29,-1,31,13,8.000000000000002,22,20,2
30,30,1,30,10,7.625000000000001,-19,-20,1
30,31,-1,29,17,10.25,23,20,3
30,32,1,28,14,7.5,-19,-20,1
30,33,-1,27,19,12.125,23,20,3
30,34,1,26,16,10.000000000000002,-18,-18,0
30,35,-1,25,19,12.125,27,28,1
30,36,1,24,16,11.999999999999998,-24,-28,4
30,37,-1,23,19,13.375,30,32,2
30,38,1,22,12,6.75,-28,-30,2
30,39,-1,21,17,11.375,29,36,7
30,40,1,20,6,7.249999999999999,-32,-36,4
30,41,-1,19,17,10.125,33,36,3
30,42,1,18,14,7.5,-28,-36,8
30,43,-1,17,19,10.125,28,38,10
30,44,1,16,16,8.75,-20,-38,18
30,45,-1,15,19,10.875,23,38,15
30,46,1,14,4,8.25,-26,-38,12
30,47,-1,13,7,10.000000000000002,34,38,4
30,48,1,12,0,10.25,-37,-38,1
30,49,-1,11,3,12.500000000000002,38,38,0
30,50,1,10,0,11.75,-35,-38,3
30,51,-1,9,11,13.875,39,40,1
30,52,1,8,4,18.625,-35,-40,5
30,53,-1,8,4,18.625,35,40,5
30,54,1,7,-13,16.500000000000004,-31,-40,9
30,55,-1,6,-10,19.874999999999996,38,40,2
30,56,1,5,-13,20.75,-41,-40,1
30,57,-1,5,-13,20.75,41,40,1
30,58,1,4,-26,26.375000000000004,-38,-40,2
30,59,-1,3,-21,29.124999999999996,41,40,1
30,60,1,2,-26,33.37500000000001,-40,-40,0
30,61,-1,2,-26,33.37500000000001,40,40,0
30,62,1,1,-37,38.75,-40,-40,0
30,63,-1,1,-37,38.75,40,40,0
30,64,1,0,-40,44.0,-40,-40,0
31,0,1,60,0,0.0,-4,-1,3
31,1,-1,59,3,1.1249999999999998,4,-1,5
31,2,1,58,0,0.0,-2,0,2
31,3,-1,57,3,1.1249999999999998,5,1,4
31,4,1,56,-2,1.0,-3,-1,2
31,5,-1,55,1,0.12500000000000003,6,1,5
31,6,1,54,-2,1.375,-4,-2,2
31,7,-1,53,1,0.7499999999999999,5,1,4
31,8,1,52,-2,2.5000000000000004,-3,0,3
31,9,-1,51,3,3.1250000000000004,5,-1,6
31,10,1,50,0,1.4999999999999998,-1,-1,0
31,11,-1,49,5,5.125000000000001,2,1,1
31,12,1,48,-2,3.375,-2,-1,1
31,13,-1,47,3,1.4999999999999998,4,4,0
31,14,1,46,0,2.125,-4,-5,1
31,15,-1,45,5,5.749999999999999,7,5,2
31,16,1,44,0,6.625000000000001,-5,-4,1
31,17,-1,43,3,7.249999999999999,14,10,4
31,18,1,42,0,7.125,-13,-12,1
31,19,-1,41,5,7.249999999999999,15,11,4
31,20,1,40,-2,3.6250000000000004,-14,-13,1
31,21,-1,39,1,2.25,14,10,4
31,22,1,38,-4,5.000000000000001,-13,-12,1
31,23,-1,37,3,2.875,17,13,4
31,24,1,36,0,4.25,-17,-6,11
31,25,-1,35,3,4.125000000000001,15,4,11
31,26,1,34,0,5.749999999999999,-9,1,10
31,27,-1,33,3,4.125000000000001,15,14,1
31,28,1,32,0,4.25,-8,-14,6
31,29,-1,31,3,3.875,16,17,1
31,30,1,30,0,4.25,-11,-20,9
31,31,-1,29,13,6.625000000000001,31,32,1
31,32,1,28,10,5.25,-26,-32,6
31,33,-1,27,21,13.625,36,40,4
31,34,1,26,18,10.875,-28,-36,8
31,35,-1,25,25,13.124999999999998,40,46,6
31,36,1,24,20,7.749999999999999,-35,-46,11
31,37,-1,23,23,10.625000000000002,54,46,8
31,38,1,22,16,8.375,-51,-46,5
31,39,-1,21,23,13.75,49,54,5
31,40,1,20,18,13.875,-43,-42,1
31,41,-1,19,21,17.999999999999996,42,42,0
31,42,1,18,18,15.625,-34,-38,4
31,43,-1,17,23,22.0,38,38,0
31,44,1,16,14,13.375,-32,-32,0
31,45,-1,15,17,15.5,37,32,5
31,46,1,14,2,6.125,-30,-32,2
31,47,-1,13,9,8.000000000000002,41,36,5
31,48,1,12,4,8.25,-32,-36,4
31,49,-1,11,13,16.500000000000004,39,36,3
31,50,1,10,10,14.625000000000002,-28,-30,2
31,51,-1,9,13,16.500000000000004,24,30,6
31,52,1,8,0,5.749999999999999,-20,-30,10
31,53,-1,7,11,11.375,22,30,8
31,54,1,6,6,8.25,-26,-30,4
31,55,-1,5,9,6.875,33,30,3
31,56,1,4,2,11.125,-30,-30,0
31,57,-1,4,2,11.125,30,30,0
31,58,1,3,-9,6.875,-27,-30,3
31,59,-1,2,-6,7.749999999999999,30,30,0
31,60,1,1,-21,18.625,-30,-30,0
31,61,-1,1,-21,18.625,30,30,0
31,62,1,0,-30,22.5,-30,-30,0
32,0,1,60,0,0.0,-4,-1,3
32,1,-1,59,3,1.1249999999999998,4,-1,5
32,2,1,58,0,0.0,-2,0,2
32,3,-1,57,3,1.2500000000000002,5,0,5
32,4,1,56,0,0.37499999999999994,-1,-1,0
32,5,-1,55,3,1.2500000000000002,3,0,3
32,6,1,54,0,0.37499999999999994,1,-1,2
32,7,-1,53,5,4.25,2,-1,3
32,8,1,52,2,4.875000000000001,1,1,0
32,9,-1,51,5,4.25,-1,-2,1
32,10,1,50,0,4.875000000000001,7,1,6
32,11,-1,49,5,5.25,-3,-3,0
32,12,1,48,0,4.875000000000001,6,1,5
32,13,-1,47,3,4.499999999999999,1,-2,3
32,14,1,46,-2,8.25,0,1,1
32,15,-1,45,1,8.875,1,-3,4
32,16,1,44,-4,6.125,2,1,1
32,17,-1,43,1,4.499999999999999,-2,-3,1
32,18,1,42,-2,4.875000000000001,2,2,0
32,19,-1,41,3,5.25,-1,-2,1
32,20,1,40,0,4.375,8,6,2
32,21,-1,39,7,2.9999999999999996,-8,-9,1
32,22,1,38,-2,2.125,6,7,1
32,23,-1,37,5,2.0000000000000004,-8,-8,0
32,24,1,36,0,1.6249999999999998,11,10,1
32,25,-1,35,3,2.3749999999999996,-12,-12,0
32,26,1,34,-4,3.5,12,11,1
32,27,-1,33,1,3.375,-7,-12,5
32,28,1,32,-4,2.25,13,14,1
32,29,-1,31,-1,3.1250000000000004,-5,-16,11
32,30,1,30,-6,7.375,20,20,0
32,31,-1,29,3,2.625,-13,-20,7
32,32,1,28,0,2.0000000000000004,17,26,9
32,33,-1,27,5,2.625,-18,-32,14
32,34,1,26,-4,1.7500000000000002,21,32,11
32,35,-1,25,-1,1.875,-21,-32,11
32,36,1,24,-6,3.7500000000000004,26,44,18
32,37,-1,23,1,3.6250000000000004,-25,-44,19
32,38,1,22,-2,5.25,29,46,17
32,39,-1,21,1,4.125000000000001,-32,-44,12
32,40,1,20,-6,6.374999999999999,35,44,9
32,41,-1,19,-3,5.999999999999999,-41,-44,3
32,42,1,18,-10,6.625000000000001,48,44,4
32,43,-1,17,-7,4.499999999999999,-50,-44,6
32,44,1,16,-24,15.124999999999998,51,44,7
32,46,1,15,-15,11.0,44,42,2
32,48,1,14,-2,17.75,44,42,2
32,49,-1,13,11,10.000000000000002,-48,-40,8
32,50,1,12,4,11.250000000000002,48,40,8
32,52,1,11,11,12.875,45,40,5
32,53,-1,10,30,21.25,-41,-40,1
32,54,1,9,27,19.000000000000004,41,40,1
32,55,-1,8,32,25.125000000000004,-42,-40,2
32,56,1,7,27,18.750000000000004,42,40,2
32,57,-1,6,32,21.5,-42,-40,2
32,58,1,5,29,21.375,38,40,2
32,59,-1,4,36,25.75,-40,-40,0
32,60,1,3,33,22.125,39,40,1
32,61,-1,2,38,29.250000000000004,-38,-38,0
32,62,1,1,31,19.624999999999996,38,38,0
32,63,-1,0,38,30.500000000000004,-38,-38,0
33,0,1,60,0,0.0,-4,-1,3
33,1,-1,59,3,1.1249999999999998,4,-1,5
33,2,1,58,0,0.0,-2,0,2
33,3,-1,57,3,1.2500000000000002,5,0,5
33,4,1,56,0,0.37499999999999994,-1,-1,0
33,5,-1,55,3,1.2500000000000002,3,0,3
33,6,1,54,0,0.37499999999999994,1,-1,2
33,7,-1,53,3,2.125,2,0,2
33,8,1,52,0,0.37499999999999994,-1,-2,1
33,9,-1,51,5,1.4999999999999998,3,3,0
33,10,1,50,0,0.37499999999999994,1,-2,3
33,11,-1,49,3,0.7499999999999999,1,0,1
33,12,1,48,0,1.375,3,-1,4
33,13,-1,47,5,5.999999999999999,3,1,2
33,14,1,46,0,2.125,-3,-1,2
33,15,-1,45,3,2.9999999999999996,2,0,2
33,16,1,44,-2,2.125,0,-2,2
33,17,-1,43,3,2.75,3,1,2
33,18,1,42,-2,3.5,-1,2,3
33,19,-1,41,1,3.875,2,-4,6
33,20,1,40,-2,2.5000000000000004,1,1,0
33,21,-1,39,1,1.875,3,0,3
33,22,1,38,-4,3.2499999999999996,0,-3,3
33,23,-1,37,3,3.6250000000000004,-1,0,1
33,24,1,36,0,2.9999999999999996,-1,-2,1
33,25,-1,35,9,3.6250000000000004,7,0,7
33,26,1,34,2,1.7500000000000002,-5,-2,3
33,27,-1,33,5,2.875,6,2,4
33,28,1,32,0,2.25,11,8,3
33,29,-1,31,3,3.6250000000000004,-11,-9,2
33,30,1,30,0,4.750000000000001,12,14,2
33,31,-1,29,11,6.875,-12,-14,2
33,32,1,28,2,3.5,24,34,10
33,33,-1,27,5,4.375,-24,-34,10
33,34,1,26,-2,5.749999999999999,28,40,12
33,35,-1,25,1,6.875,-30,-40,10
33,36,1,24,-8,12.625,31,48,17
33,37,-1,23,-5,11.5,-30,-46,16
33,38,1,22,-8,13.75,35,46,11
33,39,-1,21,-3,10.000000000000002,-31,-46,15
33,40,1,20,-10,20.125000000000004,33,46,13
33,41,-1,19,3,8.000000000000002,-30,-46,16
33,42,1,18,0,8.625,42,48,6
33,43,-1,17,3,10.375000000000002,-45,-48,3
33,44,1,16,0,11.5,58,52,6
33,45,-1,15,5,8.875,-51,-52,1
33,46,1,14,0,13.75,50,52,2
33,47,-1,13,9,8.875,-48,-52,4
33,48,1,12,6,8.75,44,52,8
33,49,-1,11,23,13.124999999999998,-31,-48,17
33,50,1,10,18,11.375,30,52,22
33,51,-1,9,21,12.625,-30,-52,22
33,52,1,8,10,11.250000000000002,28,52,24
33,53,-1,7,27,22.0,-34,-50,16
33,54,1,6,24,18.875,51,50,1
33,55,-1,5,27,19.500000000000004,-38,-48,10
33,56,1,4,22,16.75,56,54,2
33,57,-1,3,35,25.125000000000004,-47,-54,7
33,58,1,2,30,20.75,54,54,0
33,59,-1,1,45,38.12499999999999,-54,-54,0
33,60,1,1,45,38.12499999999999,54,54,0
33,61,-1,0,54,47.5,-54,-54,0
34,0,1,60,0,0.0,-4,-1,3
34,1,-1,59,3,1.1249999999999998,4,-1,5
34,2,1,58,0,0.0,-2,0,2
34,3,-1,57,3,1.2500000000000002,4,3,1
34,4,1,56,-2,1.375,-1,-4,3
34,5,-1,55,1,1.7500000000000002,5,3,2
34,6,1,54,-2,1.375,1,-5,6
34,7,-1,53,1,1.7500000000000002,6,4,2
34,8,1,52,-2,1.0,-2,-5,3
34,9,-1,51,3,1.1249999999999998,5,3,2
34,10,1,50,-2,1.0,-5,-4,1
34,11,-1,49,3,1.1249999999999998,5,4,1
34,12,1,48,-2,1.0,-3,0,3
34,13,-1,47,1,0.25,1,-2,3
34,14,1,46,-4,1.875,2,1,1
34,15,-1,45,1,0.25,-3,-2,1
34,16,1,44,-4,1.375,5,1,4
34,17,-1,43,1,1.4999999999999998,0,1,1
34,18,1,42,-4,1.2500000000000002,-2,-3,1
34,19,-1,41,1,2.875,6,6,0
34,20,1,40,-2,2.75,-6,-7,1
34,21,-1,39,1,3.875,8,8,0
34,22,1,38,-6,5.5,-6,-9,3
34,23,-1,37,1,1.875,12,13,1
34,24,1,36,-2,0.7499999999999999,-10,-15,5
34,25,-1,35,7,2.3749999999999996,18,12,6
34,26,1,34,2,3.5,-12,-11,1
34,27,-1,33,5,4.875000000000001,14,9,5
34,28,1,32,2,5.749999999999999,-12,-11,1
34,29,-1,31,5,8.375,20,11,9
34,30,1,30,2,10.000000000000002,-15,-10,5
34,31,-1,29,7,8.375,12,14,2
34,32,1,28,0,16.0,-11,-4,7
34,33,-1,27,9,9.875,13,4,9
34,34,1,26,6,7.749999999999999,-11,0,11
34,35,-1,25,9,9.125,16,0,16
34,36,1,24,2,5.749999999999999,-4,4,8
34,37,-1,23,9,6.875,7,-4,11
34,38,1,22,4,8.25,-3,12,15
34,39,-1,21,9,9.375,3,-12,15
34,40,1,20,6,8.000000000000002,0,12,12
34,41,-1,19,13,6.875,-2,-12,10
34,42,1,18,4,5.000000000000001,1,12,11
34,43,-1,17,9,6.374999999999999,1,-4,5
34,44,1,16,2,9.249999999999998,6,16,10
34,45,-1,15,5,9.625,3,-16,19
34,46,1,14,-4,8.75,-1,18,19
34,47,-1,13,7,9.125,1,-14,15
34,48,1,12,2,11.5,6,44,38
34,49,-1,11,5,11.125,2,-10,12
34,50,1,10,-4,14.749999999999998,3,36,33
34,51,-1,9,5,13.625,-2,-36,34
34,52,1,8,-2,9.375,17,36,19
34,53,-1,7,1,9.625,-21,-36,15
34,54,1,6,-20,14.875,27,36,9
34,55,-1,5,-7,12.625,-31,-36,5
34,56,1,4,-16,17.875,35,36,1
34,57,-1,3,-7,12.125,-35,-36,1
34,58,1,2,-10,16.375000000000004,36,36,0
34,59,-1,1,15,35.12499999999999,-36,-36,0
34,60,1,1,15,35.12499999999999,36,36,0
34,61,-1,0,36,47.0,-36,-36,0
